{"stats":{"minecraft:killed":{"minecraft:zombie":1,"iceandfire:ghost":4},"minecraft:crafted":{"minecraft:cooked_cod":6,"minecraft:oak_planks":124,"minecraft:emerald":10,"minecraft:cooked_salmon":2,"minecraft:birch_planks":68,"minecraft:cooked_mutton":2,"minecraft:air":0,"minecraft:bow":1,"minecraft:iron_axe":1,"minecraft:stick":336,"minecraft:iron_shovel":1,"minecraft:torch":52,"minecraft:stone_hoe":1},"minecraft:dropped":{"minecraft:wheat_seeds":2,"iceandfire:manuscript":4},"minecraft:custom":{"minecraft:interact_with_furnace":1,"minecraft:mob_kills":5,"minecraft:traded_with_villager":11,"minecraft:interact_with_crafting_table":6,"minecraft:interact_with_loom":1,"minecraft:bell_ring":2,"minecraft:leave_game":1,"minecraft:time_since_death":53332,"minecraft:sleep_in_bed":2,"minecraft:climb_one_cm":304,"minecraft:time_since_rest":15550,"minecraft:sprint_one_cm":352550,"minecraft:damage_taken":544,"minecraft:walk_one_cm":331192,"minecraft:trigger_trapped_chest":3,"minecraft:drop":3,"minecraft:damage_dealt":1266,"minecraft:fly_one_cm":654605,"minecraft:talked_to_villager":113,"minecraft:open_chest":86,"minecraft:crouch_one_cm":5817,"minecraft:play_time":53332,"minecraft:sneak_time":807,"minecraft:boat_one_cm":80654,"minecraft:jump":1648,"minecraft:interact_with_blast_furnace":2,"minecraft:total_world_time":53332,"minecraft:interact_with_smoker":5,"minecraft:fall_one_cm":44590,"minecraft:horse_one_cm":210},"minecraft:mined":{"minecraft:smithing_table":1,"minecraft:oak_slab":1,"minecraft:red_bed":5,"minecraft:mossy_cobblestone":1,"minecraft:smoker":1,"minecraft:powder_snow":6,"minecraft:oak_fence":1,"minecraft:blast_furnace":1,"minecraft:tall_grass":1,"minecraft:cobblestone":5,"minecraft:oak_planks":8,"minecraft:skeleton_skull":1,"minecraft:hay_block":13,"minecraft:white_terracotta":2,"minecraft:lime_bed":4,"minecraft:birch_log":17,"minecraft:iron_ore":1,"minecraft:barrel":2,"minecraft:birch_leaves":1,"minecraft:fletching_table":7,"minecraft:wither_rose":2,"minecraft:bell":1,"minecraft:grass":11,"minecraft:oak_log":95,"minecraft:vine":2,"minecraft:dirt":8,"minecraft:bamboo":1,"minecraft:orange_bed":7,"minecraft:oak_leaves":10,"paraglider:goddess_statue":2},"minecraft:used":{"minecraft:oak_fence":1,"minecraft:cooked_mutton":2,"minecraft:oak_planks":6,"minecraft:fletching_table":9,"minecraft:bell":1,"minecraft:iron_chestplate":1,"minecraft:orange_bed":7,"minecraft:white_wool":1,"minecraft:torch":7,"paraglider:goddess_statue":2,"minecraft:dirt":9,"minecraft:oak_slab":1,"minecraft:lime_bed":4,"minecraft:red_bed":5,"minecraft:blast_furnace":1,"minecraft:smoker":1,"epicfight:iron_greatsword":25,"minecraft:birch_sapling":5,"minecraft:iron_axe":134,"minecraft:bread":22,"minecraft:iron_pickaxe":22,"minecraft:iron_helmet":1,"minecraft:iron_boots":1,"minecraft:cobblestone":8,"minecraft:oak_sapling":7,"minecraft:smithing_table":1,"minecraft:skeleton_skull":1,"minecraft:oak_boat":6,"minecraft:egg":11,"minecraft:iron_leggings":1},"minecraft:picked_up":{"minecraft:birch_log":17,"minecraft:lime_bed":4,"minecraft:iron_chestplate":1,"minecraft:water_bucket":2,"minecraft:smithing_table":1,"minecraft:smoker":1,"minecraft:potato":32,"minecraft:wither_rose":2,"minecraft:oak_log":95,"paraglider:goddess_statue":2,"minecraft:dirt":9,"minecraft:red_bed":5,"minecraft:iron_leggings":1,"epicfight:iron_greatsword":1,"minecraft:wheat_seeds":4,"minecraft:bell":1,"minecraft:iron_ingot":1,"minecraft:oak_boat":6,"minecraft:fletching_table":9,"minecraft:bamboo":6,"minecraft:birch_sapling":5,"minecraft:oak_planks":8,"minecraft:iron_boots":1,"minecraft:egg":11,"minecraft:stick":12,"minecraft:oak_slab":1,"minecraft:raw_iron":1,"minecraft:oak_fence":1,"minecraft:blast_furnace":1,"minecraft:carrot":30,"minecraft:barrel":2,"minecraft:mossy_cobblestone":1,"minecraft:orange_bed":7,"minecraft:rotten_flesh":1,"minecraft:diamond_boots":1,"minecraft:iron_helmet":1,"minecraft:hay_block":13,"minecraft:white_terracotta":2,"minecraft:oak_sapling":5,"minecraft:white_wool":1,"minecraft:mutton":2,"minecraft:coal":50,"minecraft:skeleton_skull":1,"minecraft:cobblestone":5}},"DataVersion":3465}