{"stats":{"minecraft:killed_by":{"man:managgresive":1,"cave_dweller:cave_dweller":1},"minecraft:broken":{"minecraft:iron_shovel":1,"minecraft:stone_hoe":1,"minecraft:iron_pickaxe":2},"minecraft:killed":{"minecraft:spider":6,"minecraft:phantom":4,"minecraft:skeleton":6,"iceandfire:troll":1,"minecraft:creeper":5,"iceandfire:cockatrice":1,"minecraft:zombie":23,"iceandfire:ghost":4,"minecraft:enderman":1,"minecraft:cow":2},"minecraft:crafted":{"minecraft:smooth_stone":10,"minecraft:raw_iron":9,"minecraft:oak_planks":252,"minecraft:furnace":3,"minecraft:blast_furnace":2,"minecraft:stone":64,"minecraft:bone_meal":18,"minecraft:cooked_mutton":2,"minecraft:bow":1,"minecraft:iron_axe":2,"minecraft:cobblestone_wall":66,"minecraft:stone_hoe":1,"minecraft:cooked_beef":2,"minecraft:wheat":72,"minecraft:cooked_cod":6,"minecraft:arrow":80,"minecraft:emerald":30,"minecraft:baked_potato":45,"minecraft:cooked_salmon":2,"minecraft:chiseled_polished_blackstone":2,"minecraft:birch_planks":120,"minecraft:campfire":2,"minecraft:bread":21,"minecraft:air":0,"minecraft:oak_fence_gate":4,"minecraft:stick":696,"minecraft:flint":60,"minecraft:iron_ingot":176,"minecraft:iron_pickaxe":2,"minecraft:iron_shovel":2,"minecraft:torch":232},"minecraft:used":{"minecraft:oak_fence":1,"minecraft:iron_shovel":306,"minecraft:bell":1,"minecraft:stone_hoe":147,"minecraft:iron_chestplate":1,"minecraft:orange_bed":7,"minecraft:torch":189,"paraglider:goddess_statue":2,"minecraft:dirt":92,"minecraft:cobblestone_wall":82,"minecraft:carrot":96,"minecraft:tuff":3,"minecraft:oak_fence_gate":4,"minecraft:lava_bucket":1,"epicfight:iron_greatsword":123,"minecraft:iron_axe":249,"minecraft:birch_sapling":15,"minecraft:iron_helmet":1,"minecraft:iron_boots":1,"minecraft:smooth_basalt":3,"minecraft:bamboo":244,"minecraft:diamond_chestplate":1,"minecraft:bow":43,"minecraft:oak_sapling":11,"minecraft:skeleton_skull":1,"minecraft:egg":11,"minecraft:potato":72,"minecraft:cobbled_deepslate":44,"minecraft:iron_leggings":1,"minecraft:calcite":5,"epicfight:skillbook":4,"minecraft:wheat_seeds":40,"minecraft:cooked_mutton":2,"minecraft:water_bucket":93,"minecraft:amethyst_block":5,"minecraft:oak_planks":8,"iceandfire:dragon_skull_lightning":3,"minecraft:stonecutter":1,"minecraft:fletching_table":9,"minecraft:white_wool":1,"minecraft:golden_apple":1,"minecraft:oak_slab":1,"minecraft:lime_bed":4,"minecraft:red_bed":5,"alexscaves:cave_book":1,"minecraft:blast_furnace":3,"minecraft:campfire":2,"minecraft:smoker":1,"minecraft:diamond_pickaxe":146,"minecraft:bread":85,"minecraft:iron_pickaxe":520,"minecraft:cobblestone":68,"minecraft:grindstone":1,"minecraft:smithing_table":1,"minecraft:bucket":94,"minecraft:oak_boat":6,"minecraft:coarse_dirt":2,"minecraft:smooth_stone":2,"minecraft:bone_meal":18},"minecraft:custom":{"minecraft:interact_with_smithing_table":3,"minecraft:mob_kills":53,"minecraft:animals_bred":4,"minecraft:interact_with_crafting_table":30,"minecraft:open_barrel":10,"minecraft:bell_ring":2,"minecraft:leave_game":2,"minecraft:time_since_death":110850,"minecraft:climb_one_cm":2796,"minecraft:sprint_one_cm":1462526,"minecraft:walk_one_cm":1520889,"minecraft:drop":30,"minecraft:talked_to_villager":143,"minecraft:play_time":317545,"minecraft:deaths":2,"minecraft:sneak_time":11282,"minecraft:walk_under_water_one_cm":804,"minecraft:boat_one_cm":80654,"minecraft:jump":5112,"minecraft:interact_with_blast_furnace":35,"minecraft:walk_on_water_one_cm":10112,"minecraft:total_world_time":317545,"minecraft:interact_with_furnace":34,"minecraft:traded_with_villager":44,"minecraft:interact_with_loom":4,"minecraft:interact_with_stonecutter":4,"minecraft:sleep_in_bed":5,"minecraft:time_since_rest":89170,"minecraft:damage_taken":2324,"minecraft:damage_absorbed":40,"minecraft:trigger_trapped_chest":3,"minecraft:damage_dealt":10215,"minecraft:fly_one_cm":1881714,"minecraft:open_chest":550,"minecraft:crouch_one_cm":52593,"minecraft:interact_with_smoker":46,"minecraft:fall_one_cm":89590,"minecraft:horse_one_cm":210},"minecraft:dropped":{"minecraft:wheat_seeds":8,"minecraft:oak_log":16,"minecraft:diamond":1,"minecraft:stick":9,"minecraft:emerald":24,"minecraft:torch":44,"gravestone:obituary":4,"minecraft:furnace":1,"minecraft:tuff":1,"paraglider:horned_statue":1,"minecraft:rotten_flesh":7,"minecraft:filled_map":2,"minecraft:bamboo":83,"minecraft:campfire":1,"iceandfire:manuscript":4},"minecraft:mined":{"iceandfire:lightning_lily":1,"minecraft:tuff":10,"minecraft:white_bed":1,"minecraft:farmland":1,"iceandfire:silver_ore":8,"minecraft:mossy_cobblestone":1,"minecraft:deepslate_diamond_ore":6,"minecraft:sculk_vein":2,"minecraft:obsidian":12,"gravestone:gravestone":2,"minecraft:granite":51,"minecraft:grass_block":181,"iceandfire:deepslate_silver_ore":2,"minecraft:smooth_stone":2,"minecraft:hay_block":13,"minecraft:raw_iron_block":1,"minecraft:oak_trapdoor":1,"minecraft:carrots":47,"minecraft:fire":1,"minecraft:cobbled_deepslate":2,"minecraft:iron_ore":10,"minecraft:barrel":2,"minecraft:andesite":6,"minecraft:deepslate_lapis_ore":14,"minecraft:fletching_table":7,"minecraft:bell":1,"minecraft:bookshelf":4,"minecraft:dirt_path":5,"minecraft:potatoes":32,"minecraft:deepslate_iron_ore":143,"minecraft:vine":2,"minecraft:bamboo_sapling":4,"minecraft:bamboo":41,"minecraft:stone":103,"minecraft:orange_bed":7,"minecraft:smithing_table":1,"minecraft:deepslate_redstone_ore":35,"minecraft:oak_slab":1,"minecraft:red_bed":5,"minecraft:smoker":1,"minecraft:amethyst_cluster":4,"minecraft:powder_snow":6,"minecraft:oak_fence":1,"minecraft:torch":14,"minecraft:blast_furnace":1,"minecraft:emerald_ore":1,"minecraft:calcite":5,"minecraft:sculk_sensor":2,"minecraft:cobblestone":14,"minecraft:tall_grass":55,"minecraft:grindstone":1,"minecraft:deepslate_gold_ore":24,"minecraft:lapis_ore":2,"minecraft:oak_planks":10,"minecraft:sculk":36,"minecraft:diorite":13,"minecraft:wall_torch":11,"minecraft:amethyst_block":5,"minecraft:skeleton_skull":1,"minecraft:white_terracotta":2,"minecraft:lime_bed":4,"minecraft:cobblestone_wall":27,"minecraft:birch_log":38,"paraglider:horned_statue":1,"minecraft:birch_leaves":5,"minecraft:yellow_bed":1,"minecraft:wither_rose":2,"minecraft:grass":742,"minecraft:oak_log":132,"minecraft:coal_ore":40,"minecraft:gravel":102,"minecraft:dirt":12,"minecraft:smooth_basalt":3,"minecraft:stonecutter":1,"minecraft:oak_leaves":22,"minecraft:deepslate":83,"paraglider:goddess_statue":2},"minecraft:picked_up":{"iceandfire:dragon_skull_lightning":3,"minecraft:iron_chestplate":1,"minecraft:coarse_dirt":2,"minecraft:smithing_table":1,"minecraft:wither_rose":2,"gravestone:obituary":2,"minecraft:amethyst_block":5,"minecraft:oak_trapdoor":1,"paraglider:goddess_statue":2,"minecraft:string":7,"minecraft:red_bed":5,"minecraft:iron_leggings":1,"minecraft:diamond_leggings":1,"minecraft:smooth_stone":2,"minecraft:cobbled_deepslate":94,"minecraft:beef":4,"minecraft:oak_boat":6,"minecraft:calcite":5,"minecraft:phantom_membrane":3,"minecraft:birch_sapling":15,"minecraft:egg":11,"minecraft:iron_boots":1,"minecraft:stick":19,"minecraft:raw_iron":150,"minecraft:oak_fence":1,"minecraft:torch":27,"epicfight:skillbook":4,"minecraft:diorite":13,"minecraft:carrot":174,"minecraft:redstone":151,"iceandfire:lightning_lily":1,"minecraft:orange_bed":7,"minecraft:arrow":4,"minecraft:rotten_flesh":30,"minecraft:diamond_chestplate":1,"minecraft:diamond_boots":1,"minecraft:hay_block":13,"minecraft:white_terracotta":2,"paraglider:horned_statue":1,"minecraft:obsidian":12,"minecraft:mutton":2,"minecraft:skeleton_skull":1,"minecraft:white_wool":1,"minecraft:cobblestone":118,"minecraft:birch_log":38,"minecraft:lime_bed":4,"minecraft:water_bucket":2,"minecraft:andesite":6,"minecraft:leather":2,"minecraft:smoker":1,"minecraft:potato":116,"minecraft:filled_map":2,"minecraft:flint":8,"minecraft:tuff":11,"minecraft:oak_log":131,"minecraft:cobblestone_wall":27,"minecraft:yellow_bed":1,"minecraft:gunpowder":3,"minecraft:lapis_lazuli":105,"minecraft:dirt":200,"minecraft:name_tag":5,"minecraft:bone":4,"minecraft:apple":3,"minecraft:grindstone":1,"epicfight:iron_greatsword":1,"minecraft:stonecutter":1,"minecraft:wheat_seeds":91,"minecraft:raw_gold":24,"minecraft:bell":1,"minecraft:iron_ingot":1,"minecraft:diamond_helmet":1,"minecraft:fletching_table":9,"minecraft:bamboo":335,"minecraft:oak_planks":10,"minecraft:book":12,"minecraft:oak_slab":1,"minecraft:smooth_basalt":3,"minecraft:raw_iron_block":1,"minecraft:gravel":97,"minecraft:amethyst_shard":16,"sophisticatedbackpacks:iron_backpack":1,"minecraft:blast_furnace":1,"minecraft:white_bed":1,"minecraft:grass_block":1,"minecraft:barrel":2,"minecraft:spider_eye":2,"minecraft:mossy_cobblestone":1,"minecraft:diamond":7,"minecraft:campfire":1,"minecraft:iron_helmet":1,"minecraft:granite":51,"minecraft:golden_apple":2,"minecraft:emerald":5,"minecraft:oak_sapling":9,"minecraft:coal":89,"iceandfire:raw_silver":7}},"DataVersion":3465}