{"stats":{"minecraft:broken":{"minecraft:iron_shovel":1,"minecraft:stone_hoe":1,"minecraft:iron_axe":2,"minecraft:iron_pickaxe":2},"minecraft:killed":{"minecraft:zombified_piglin":5,"minecraft:spider":8,"minecraft:skeleton":9,"minecraft:piglin_brute":12,"minecraft:magma_cube":4,"minecraft:piglin":2,"minecraft:creeper":6,"iceandfire:cockatrice":1,"minecraft:zombie":37,"minecraft:ghast":3,"iceandfire:pixie":1,"minecraft:blaze":56,"minecraft:cow":9,"minecraft:phantom":7,"minecraft:drowned":4,"iceandfire:troll":1,"iceandfire:ghost":5,"minecraft:wither_skeleton":8,"minecraft:enderman":1},"minecraft:crafted":{"securitycraft:mine":3,"minecraft:oak_planks":340,"minecraft:smooth_stone":10,"minecraft:lightning_rod":1,"minecraft:stone":64,"paraglider:deku_leaf":1,"minecraft:cooked_mutton":2,"minecraft:bow":3,"minecraft:copper_block":7,"minecraft:stone_hoe":1,"minecraft:golden_boots":1,"minecraft:item_frame":10,"minecraft:arrow":176,"minecraft:emerald":45,"minecraft:crafting_table":2,"minecraft:spruce_planks":12,"minecraft:baked_potato":148,"minecraft:copper_ingot":67,"minecraft:gold_block":9,"minecraft:fletching_table":1,"minecraft:chiseled_polished_blackstone":2,"minecraft:birch_planks":120,"minecraft:campfire":2,"sophisticatedbackpacks:upgrade_base":1,"minecraft:stick":745,"minecraft:iron_ingot":204,"minecraft:iron_pickaxe":2,"minecraft:iron_block":26,"minecraft:gold_ingot":54,"minecraft:composter":1,"minecraft:shears":1,"minecraft:raw_iron":9,"minecraft:jukebox":1,"minecraft:furnace":3,"minecraft:blast_furnace":2,"sophisticatedbackpacks:jukebox_upgrade":1,"minecraft:bone_meal":144,"minecraft:diamond_block":1,"minecraft:flint_and_steel":2,"minecraft:iron_axe":2,"minecraft:cobblestone_wall":66,"minecraft:redstone_block":19,"minecraft:dark_oak_planks":4,"minecraft:wheat":72,"sophisticatedbackpacks:iron_backpack":1,"minecraft:cooked_beef":16,"paraglider:paraglider":2,"minecraft:cooked_cod":6,"iceandfire:silver_ingot":9,"minecraft:cooked_salmon":2,"securitycraft:taser":1,"minecraft:bread":21,"minecraft:air":0,"securitycraft:dirt_mine":2,"minecraft:blue_dye":1,"minecraft:oak_fence_gate":4,"minecraft:flint":60,"minecraft:iron_shovel":2,"minecraft:torch":268,"minecraft:lapis_block":14},"minecraft:dropped":{"minecraft:oak_log":16,"minecraft:diamond":1,"minecraft:dark_oak_sapling":1,"iceandfire:graveyard_soil":3,"minecraft:emerald":31,"minecraft:cracked_polished_blackstone_bricks":10,"minecraft:dirt":91,"minecraft:polished_blackstone_brick_stairs":1,"minecraft:cooked_cod":1,"gravestone:obituary":28,"alexscaves:cave_map":3,"minecraft:phantom_membrane":4,"paraglider:paraglider":1,"minecraft:gold_ingot":6,"minecraft:bone":1,"minecraft:blackstone":9,"minecraft:yellow_wool":1,"paraglider:horned_statue":1,"minecraft:rotten_flesh":8,"minecraft:diamond_shovel":1,"minecraft:carrot":128,"minecraft:glowstone":6,"minecraft:chainmail_boots":18,"minecraft:campfire":1,"minecraft:netherrack":3,"iceandfire:manuscript":4,"minecraft:golden_boots":1,"epicfight:diamond_greatsword":1,"minecraft:oak_slab":6,"minecraft:wheat_seeds":8,"minecraft:mossy_cobblestone":2,"minecraft:iron_helmet":3,"minecraft:feather":1,"minecraft:chainmail_helmet":11,"minecraft:stick":29,"minecraft:torch":44,"epicfight:iron_greatsword":1,"minecraft:iron_leggings":2,"minecraft:smooth_stone":4,"minecraft:paper":51,"minecraft:redstone_block":1,"minecraft:furnace":1,"minecraft:blaze_rod":20,"minecraft:stone_sword":1,"minecraft:cobblestone_wall":11,"minecraft:tuff":15,"minecraft:iron_boots":11,"sophisticatedbackpacks:backpack":1,"minecraft:white_terracotta":2,"minecraft:flint_and_steel":1,"minecraft:filled_map":2,"minecraft:iron_chestplate":3,"minecraft:diamond_pickaxe":1,"minecraft:andesite":4,"minecraft:oak_sapling":2,"minecraft:barrel":2,"minecraft:bamboo":95,"minecraft:bow":1},"minecraft:custom":{"minecraft:animals_bred":14,"minecraft:interact_with_crafting_table":63,"minecraft:open_barrel":10,"minecraft:bell_ring":2,"minecraft:leave_game":5,"minecraft:time_since_death":72349,"minecraft:sprint_one_cm":2962296,"minecraft:drop":163,"minecraft:talked_to_villager":187,"minecraft:play_time":647509,"minecraft:deaths":13,"minecraft:jump":12099,"minecraft:walk_on_water_one_cm":35319,"minecraft:interact_with_furnace":42,"minecraft:traded_with_villager":67,"minecraft:interact_with_loom":5,"minecraft:sleep_in_bed":16,"minecraft:damage_dealt":33838,"minecraft:player_kills":6,"minecraft:crouch_one_cm":172536,"minecraft:interact_with_smoker":64,"minecraft:horse_one_cm":30468,"minecraft:interact_with_smithing_table":7,"minecraft:mob_kills":182,"minecraft:interact_with_anvil":1,"minecraft:damage_dealt_resisted":257,"minecraft:climb_one_cm":49774,"minecraft:walk_one_cm":3063994,"minecraft:damage_dealt_absorbed":30,"minecraft:sneak_time":32292,"minecraft:walk_under_water_one_cm":31402,"minecraft:boat_one_cm":159253,"minecraft:interact_with_blast_furnace":68,"minecraft:total_world_time":647509,"minecraft:interact_with_stonecutter":4,"minecraft:time_since_rest":16434,"minecraft:damage_taken":9287,"minecraft:damage_absorbed":120,"minecraft:trigger_trapped_chest":3,"minecraft:swim_one_cm":81249,"minecraft:fly_one_cm":5341553,"minecraft:open_chest":1470,"minecraft:fall_one_cm":218113},"minecraft:mined":{"minecraft:white_bed":12,"minecraft:oak_sapling":1,"minecraft:farmland":1,"minecraft:sculk_vein":2,"minecraft:brewing_stand":3,"minecraft:obsidian":12,"minecraft:granite":51,"minecraft:chiseled_polished_blackstone":2,"minecraft:grass_block":193,"minecraft:cracked_polished_blackstone_bricks":10,"minecraft:composter":4,"minecraft:smooth_stone":2,"minecraft:polished_blackstone_bricks":34,"minecraft:raw_iron_block":1,"minecraft:cobbled_deepslate":2,"minecraft:fire":35,"minecraft:iron_ore":10,"minecraft:barrel":2,"minecraft:fletching_table":13,"minecraft:deepslate_lapis_ore":14,"iceandfire:gold_pile":15,"minecraft:dirt_path":5,"minecraft:orange_bed":10,"minecraft:deepslate_redstone_ore":35,"minecraft:red_bed":9,"minecraft:blackstone":1,"minecraft:twisting_vines_plant":1,"minecraft:smoker":1,"minecraft:amethyst_cluster":4,"minecraft:powder_snow":6,"iceandfire:dragon_ice_spikes":2,"minecraft:torch":41,"minecraft:blast_furnace":2,"minecraft:calcite":5,"minecraft:nether_quartz_ore":13,"minecraft:cobblestone":19,"minecraft:sugar_cane":4,"minecraft:grindstone":1,"minecraft:oak_planks":14,"minecraft:wall_torch":24,"minecraft:amethyst_block":5,"minecraft:skeleton_skull":1,"minecraft:white_terracotta":2,"minecraft:birch_log":38,"paraglider:horned_statue":1,"minecraft:wheat":80,"minecraft:warped_fungus":7,"minecraft:wither_rose":2,"minecraft:grass":778,"minecraft:oak_log":233,"minecraft:dark_oak_sapling":6,"minecraft:sand":103,"minecraft:dirt":69,"minecraft:smooth_basalt":3,"minecraft:stonecutter":1,"minecraft:netherrack":58,"minecraft:oak_leaves":72,"minecraft:deepslate":83,"iceandfire:lightning_lily":1,"minecraft:tuff":10,"iceandfire:silver_ore":10,"minecraft:mossy_cobblestone":3,"minecraft:dark_oak_leaves":12,"minecraft:deepslate_diamond_ore":6,"minecraft:dark_oak_log":66,"iceandfire:frozen_cobblestone":20,"minecraft:ladder":1,"minecraft:nether_bricks":4,"gravestone:gravestone":14,"minecraft:crimson_roots":1,"iceandfire:deepslate_silver_ore":2,"minecraft:spruce_leaves":47,"iceandfire:dragon_ice":43,"minecraft:large_fern":1,"minecraft:hay_block":13,"minecraft:oak_trapdoor":1,"minecraft:carrots":166,"minecraft:nether_sprouts":1,"minecraft:andesite":6,"minecraft:gold_block":18,"minecraft:bell":1,"minecraft:bookshelf":4,"minecraft:potatoes":125,"minecraft:deepslate_iron_ore":143,"minecraft:vine":2,"minecraft:bamboo_sapling":4,"minecraft:bamboo":42,"minecraft:stone":115,"minecraft:bone_block":1,"minecraft:smithing_table":1,"minecraft:oak_slab":31,"minecraft:basalt":8,"minecraft:dandelion":2,"minecraft:oak_fence":1,"minecraft:blackstone_slab":2,"minecraft:emerald_ore":1,"minecraft:warped_roots":9,"minecraft:sculk_sensor":2,"minecraft:tall_grass":58,"minecraft:lapis_ore":2,"minecraft:deepslate_gold_ore":24,"minecraft:polished_blackstone_brick_stairs":2,"minecraft:sculk":36,"minecraft:diorite":16,"minecraft:warped_wart_block":1,"minecraft:lime_bed":7,"minecraft:cobblestone_wall":27,"minecraft:birch_leaves":5,"minecraft:yellow_bed":2,"minecraft:coal_ore":40,"iceandfire:silver_pile":1,"minecraft:gravel":126,"minecraft:fern":3,"paraglider:goddess_statue":2},"minecraft:killed_by":{"minecraft:zombified_piglin":2,"minecraft:piglin_brute":1,"sanitydim:rotting_stalker":1,"man:managgresive":1,"sanitydim:sneaking_terror":2,"minecraft:player":5,"cave_dweller:cave_dweller":1},"minecraft:used":{"minecraft:iron_shovel":482,"minecraft:ladder":5,"minecraft:bell":1,"minecraft:iron_chestplate":1,"paraglider:goddess_statue":2,"minecraft:nether_bricks":4,"minecraft:carrot":199,"minecraft:tuff":3,"minecraft:lava_bucket":1,"minecraft:birch_sapling":15,"minecraft:iron_helmet":1,"minecraft:crimson_roots":1,"epicfight:diamond_greatsword":229,"minecraft:item_frame":11,"minecraft:bow":239,"minecraft:warped_fungus":5,"minecraft:oak_sapling":34,"minecraft:cooked_cod":2,"minecraft:skeleton_skull":1,"minecraft:egg":15,"minecraft:potato":177,"minecraft:dark_oak_sapling":18,"minecraft:chiseled_polished_blackstone":2,"epicfight:skillbook":10,"minecraft:diorite":3,"minecraft:oak_planks":12,"minecraft:composter":5,"minecraft:diamond_axe":3,"minecraft:oak_leaves":1,"minecraft:white_wool":1,"minecraft:golden_apple":4,"alexscaves:cave_book":1,"minecraft:blast_furnace":4,"minecraft:crossbow":5,"securitycraft:universal_block_remover":2,"minecraft:shears":1,"minecraft:pumpkin_seeds":3,"minecraft:lightning_rod":1,"minecraft:bread":93,"minecraft:blackstone_slab":2,"minecraft:grindstone":1,"minecraft:smithing_table":1,"minecraft:oak_boat":8,"minecraft:coarse_dirt":2,"minecraft:bone_meal":71,"minecraft:experience_bottle":4,"minecraft:oak_fence":1,"minecraft:flint_and_steel":4,"minecraft:cooked_chicken":3,"minecraft:stone_hoe":147,"minecraft:netherrack":94,"minecraft:orange_bed":10,"minecraft:torch":273,"iceandfire:silver_ore":1,"minecraft:brewing_stand":3,"minecraft:dirt":177,"minecraft:warped_wart_block":1,"minecraft:cobblestone_wall":82,"minecraft:oak_fence_gate":4,"minecraft:iron_hoe":6,"epicfight:iron_greatsword":133,"minecraft:iron_axe":490,"minecraft:polished_blackstone_brick_stairs":1,"minecraft:iron_boots":1,"minecraft:melon_seeds":2,"minecraft:smooth_basalt":3,"minecraft:bamboo":247,"minecraft:diamond_chestplate":1,"minecraft:basalt":1,"securitycraft:dirt_mine":4,"minecraft:cobbled_deepslate":44,"minecraft:iron_leggings":1,"minecraft:calcite":5,"minecraft:cooked_mutton":4,"minecraft:wheat_seeds":120,"minecraft:water_bucket":99,"minecraft:amethyst_block":5,"minecraft:baked_potato":109,"minecraft:fletching_table":16,"minecraft:stonecutter":1,"iceandfire:dragon_skull_lightning":4,"minecraft:polished_blackstone_bricks":30,"minecraft:warped_roots":9,"minecraft:mossy_cobblestone":1,"minecraft:oak_slab":12,"minecraft:crafting_table":2,"minecraft:lime_bed":7,"minecraft:red_bed":9,"minecraft:white_bed":12,"minecraft:campfire":2,"minecraft:smoker":1,"minecraft:diamond_pickaxe":412,"minecraft:diamond_shovel":10,"minecraft:cracked_polished_blackstone_bricks":2,"minecraft:iron_pickaxe":520,"minecraft:spruce_sapling":3,"minecraft:cobblestone":148,"iceandfire:dragon_ice_spikes":2,"minecraft:bucket":100,"minecraft:yellow_bed":2,"minecraft:smooth_stone":2},"minecraft:picked_up":{"minecraft:iron_chestplate":1,"minecraft:wheat":76,"minecraft:yellow_wool":1,"minecraft:smithing_table":1,"minecraft:diamond_sword":2,"minecraft:wither_rose":2,"minecraft:nether_brick":6,"minecraft:brewing_stand":3,"minecraft:amethyst_block":5,"minecraft:polished_blackstone_brick_stairs":2,"paraglider:goddess_statue":2,"minecraft:string":8,"minecraft:iron_leggings":1,"minecraft:diamond_leggings":1,"minecraft:cobbled_deepslate":94,"minecraft:gold_nugget":153,"minecraft:smooth_stone":2,"minecraft:calcite":5,"minecraft:iron_boots":1,"minecraft:stick":60,"minecraft:music_disc_blocks":1,"minecraft:composter":4,"minecraft:oak_fence":1,"minecraft:torch":67,"epicfight:diamond_greatsword":2,"iceandfire:silver_ore":1,"epicfight:skillbook":6,"minecraft:diorite":16,"minecraft:orange_bed":10,"iceandfire:lightning_lily":1,"minecraft:stone_sword":1,"minecraft:rotten_flesh":55,"minecraft:white_terracotta":2,"minecraft:blaze_rod":43,"minecraft:obsidian":12,"minecraft:cobblestone":132,"minecraft:birch_log":38,"minecraft:feather":1,"minecraft:magma_cream":2,"minecraft:water_bucket":2,"minecraft:andesite":6,"minecraft:potato":405,"minecraft:smoker":1,"paraglider:spirit_orb":4,"minecraft:flint":11,"minecraft:tuff":11,"minecraft:lapis_lazuli":105,"minecraft:dirt":292,"minecraft:name_tag":5,"minecraft:twisting_vines":1,"minecraft:bone":17,"minecraft:stonecutter":1,"epicfight:iron_greatsword":1,"minecraft:bow":1,"minecraft:wheat_seeds":308,"minecraft:raw_gold":24,"minecraft:bell":1,"minecraft:grindstone":1,"minecraft:bamboo":360,"minecraft:fletching_table":15,"minecraft:diamond_helmet":1,"minecraft:oak_planks":15,"minecraft:chiseled_polished_blackstone":2,"securitycraft:dirt_mine":2,"minecraft:warped_wart_block":1,"minecraft:poisonous_potato":2,"minecraft:sand":101,"sophisticatedbackpacks:iron_backpack":1,"minecraft:grass_block":1,"minecraft:dark_oak_log":65,"minecraft:barrel":2,"minecraft:mossy_cobblestone":2,"securitycraft:universal_block_remover":1,"minecraft:diamond":7,"minecraft:cracked_polished_blackstone_bricks":12,"iceandfire:dragon_ice":37,"minecraft:granite":51,"minecraft:golden_apple":5,"minecraft:crimson_roots":1,"minecraft:emerald":38,"minecraft:netherrack":104,"minecraft:oak_sapling":34,"iceandfire:silver_nugget":12,"iceandfire:raw_silver":8,"minecraft:oak_leaves":1,"minecraft:diamond_pickaxe":2,"iceandfire:dragon_skull_lightning":5,"minecraft:coarse_dirt":2,"iceandfire:witherbone":5,"minecraft:ladder":4,"minecraft:gold_block":20,"iceandfire:frozen_cobblestone":19,"gravestone:obituary":13,"minecraft:oak_trapdoor":1,"minecraft:red_bed":10,"minecraft:flint_and_steel":1,"minecraft:item_frame":1,"minecraft:blackstone":10,"minecraft:beef":16,"minecraft:oak_boat":8,"minecraft:sugar_cane":7,"minecraft:birch_sapling":15,"minecraft:phantom_membrane":4,"minecraft:egg":15,"minecraft:dark_oak_sapling":19,"minecraft:raw_iron":150,"iceandfire:dragonbone":35,"sophisticatedbackpacks:backpack":2,"minecraft:polished_blackstone_bricks":36,"minecraft:carrot":574,"minecraft:redstone":151,"iceandfire:dragon_skull_ice":1,"minecraft:diamond_chestplate":1,"minecraft:arrow":21,"minecraft:nether_bricks":4,"minecraft:diamond_boots":1,"minecraft:hay_block":13,"minecraft:saddle":1,"minecraft:gold_ingot":1,"paraglider:horned_statue":1,"minecraft:mutton":2,"minecraft:white_wool":1,"minecraft:skeleton_skull":1,"minecraft:lime_bed":7,"minecraft:basalt":7,"minecraft:leather":6,"minecraft:blackstone_slab":2,"minecraft:filled_map":2,"minecraft:oak_log":232,"minecraft:gunpowder":5,"minecraft:yellow_bed":2,"minecraft:cobblestone_wall":27,"minecraft:apple":7,"minecraft:iron_ingot":1,"minecraft:book":12,"minecraft:oak_slab":35,"minecraft:warped_fungus":7,"minecraft:smooth_basalt":3,"iceandfire:dragon_ice_spikes":2,"minecraft:quartz":13,"minecraft:dandelion":2,"minecraft:raw_iron_block":1,"minecraft:gravel":132,"minecraft:amethyst_shard":16,"minecraft:spruce_sapling":3,"minecraft:blast_furnace":2,"minecraft:white_bed":10,"minecraft:spruce_log":3,"minecraft:spider_eye":4,"minecraft:diamond_shovel":1,"minecraft:campfire":1,"minecraft:iron_helmet":1,"minecraft:warped_roots":9,"alexscaves:cave_map":4,"minecraft:coal":92}},"DataVersion":3465}