{"stats":{"minecraft:killed":{"minecraft:zombified_piglin":5,"minecraft:spider":9,"minecraft:skeleton":10,"minecraft:piglin_brute":12,"minecraft:magma_cube":4,"minecraft:piglin":2,"minecraft:iron_golem":1,"minecraft:creeper":8,"iceandfire:cockatrice":1,"minecraft:trader_llama":2,"minecraft:zombie":42,"minecraft:ghast":3,"iceandfire:pixie":1,"minecraft:blaze":56,"minecraft:cow":9,"minecraft:phantom":8,"minecraft:drowned":4,"iceandfire:troll":1,"minecraft:wandering_trader":1,"iceandfire:ghost":8,"minecraft:wither_skeleton":8,"minecraft:enderman":2},"minecraft:custom":{"minecraft:animals_bred":14,"minecraft:interact_with_crafting_table":76,"minecraft:open_barrel":10,"minecraft:bell_ring":2,"minecraft:leave_game":7,"minecraft:time_since_death":276018,"minecraft:sprint_one_cm":3993530,"minecraft:drop":221,"minecraft:talked_to_villager":201,"minecraft:play_time":851178,"minecraft:deaths":13,"minecraft:jump":15523,"minecraft:interact_with_brewingstand":1,"minecraft:walk_on_water_one_cm":48937,"minecraft:interact_with_furnace":68,"minecraft:traded_with_villager":68,"minecraft:interact_with_loom":6,"minecraft:sleep_in_bed":21,"minecraft:damage_dealt":37150,"minecraft:player_kills":7,"minecraft:crouch_one_cm":297470,"minecraft:interact_with_smoker":76,"minecraft:horse_one_cm":32444,"minecraft:interact_with_smithing_table":7,"minecraft:interact_with_anvil":3,"minecraft:mob_kills":200,"minecraft:damage_dealt_resisted":257,"minecraft:climb_one_cm":68539,"minecraft:walk_one_cm":4112080,"minecraft:damage_dealt_absorbed":30,"minecraft:sneak_time":50579,"minecraft:walk_under_water_one_cm":71139,"minecraft:boat_one_cm":159253,"minecraft:interact_with_blast_furnace":95,"minecraft:total_world_time":851178,"minecraft:interact_with_stonecutter":4,"minecraft:time_since_rest":120904,"minecraft:damage_taken":10348,"minecraft:damage_absorbed":120,"minecraft:trigger_trapped_chest":3,"minecraft:swim_one_cm":127766,"minecraft:fly_one_cm":6700367,"minecraft:open_chest":1773,"minecraft:fall_one_cm":285317},"minecraft:picked_up":{"minecraft:iron_chestplate":1,"minecraft:wheat":116,"minecraft:yellow_wool":1,"minecraft:smithing_table":1,"minecraft:lead":2,"minecraft:diamond_sword":2,"minecraft:wither_rose":2,"minecraft:nether_brick":6,"minecraft:brewing_stand":3,"minecraft:amethyst_block":5,"minecraft:polished_blackstone_brick_stairs":2,"paraglider:goddess_statue":2,"minecraft:string":10,"minecraft:iron_leggings":1,"minecraft:diamond_leggings":2,"minecraft:cobbled_deepslate":99,"minecraft:gold_nugget":153,"minecraft:smooth_stone":2,"minecraft:calcite":5,"minecraft:iron_boots":1,"minecraft:stick":102,"minecraft:music_disc_blocks":1,"minecraft:composter":4,"minecraft:oak_fence":1,"minecraft:torch":103,"epicfight:diamond_greatsword":2,"iceandfire:silver_ore":3,"epicfight:skillbook":6,"minecraft:diorite":16,"minecraft:orange_bed":10,"iceandfire:lightning_lily":1,"minecraft:stone_sword":1,"minecraft:rotten_flesh":61,"minecraft:bookshelf":29,"minecraft:white_terracotta":2,"minecraft:blaze_rod":43,"minecraft:obsidian":12,"minecraft:cobblestone":320,"minecraft:birch_log":38,"minecraft:enchanting_table":1,"minecraft:feather":1,"minecraft:magma_cream":2,"minecraft:water_bucket":2,"minecraft:andesite":6,"minecraft:smoker":1,"minecraft:potato":549,"paraglider:spirit_orb":4,"minecraft:flint":11,"minecraft:tuff":11,"minecraft:lapis_lazuli":105,"minecraft:dirt":744,"minecraft:name_tag":5,"minecraft:twisting_vines":1,"minecraft:glass":139,"minecraft:bone":18,"minecraft:bow":1,"epicfight:iron_greatsword":1,"minecraft:stonecutter":1,"minecraft:wheat_seeds":420,"minecraft:raw_gold":24,"minecraft:bell":1,"minecraft:grindstone":2,"minecraft:fletching_table":15,"minecraft:diamond_helmet":1,"minecraft:bamboo":384,"minecraft:oak_planks":124,"minecraft:chiseled_polished_blackstone":2,"securitycraft:dirt_mine":2,"minecraft:warped_wart_block":1,"minecraft:poisonous_potato":2,"minecraft:sand":101,"sophisticatedbackpacks:iron_backpack":1,"minecraft:grass_block":1,"minecraft:dark_oak_log":83,"minecraft:barrel":2,"minecraft:mossy_cobblestone":4,"securitycraft:universal_block_remover":1,"minecraft:diamond":7,"iceandfire:dragon_ice":37,"minecraft:cracked_polished_blackstone_bricks":12,"minecraft:granite":52,"minecraft:golden_apple":5,"minecraft:emerald":38,"minecraft:oak_sapling":105,"minecraft:netherrack":104,"iceandfire:silver_nugget":12,"minecraft:crimson_roots":1,"minecraft:oak_leaves":1,"iceandfire:raw_silver":9,"minecraft:diamond_pickaxe":2,"iceandfire:dragon_skull_lightning":5,"minecraft:charcoal":2,"minecraft:coarse_dirt":11,"iceandfire:witherbone":5,"minecraft:ladder":13,"minecraft:gold_block":20,"iceandfire:frozen_cobblestone":19,"gravestone:obituary":15,"minecraft:oak_trapdoor":1,"minecraft:red_bed":10,"minecraft:iron_axe":3,"minecraft:flint_and_steel":1,"minecraft:item_frame":2,"minecraft:blackstone":10,"minecraft:glass_pane":5,"minecraft:beef":16,"minecraft:oak_boat":8,"minecraft:sugar_cane":7,"minecraft:birch_sapling":15,"minecraft:phantom_membrane":4,"minecraft:egg":16,"minecraft:dark_oak_sapling":21,"minecraft:raw_iron":150,"iceandfire:dragonbone":35,"minecraft:stone":1110,"minecraft:oak_door":2,"sophisticatedbackpacks:backpack":2,"minecraft:polished_blackstone_bricks":36,"minecraft:carrot":703,"minecraft:redstone":151,"minecraft:dark_oak_planks":1,"iceandfire:dragon_skull_ice":1,"minecraft:arrow":22,"minecraft:diamond_chestplate":2,"minecraft:nether_bricks":4,"minecraft:diamond_boots":1,"minecraft:hay_block":13,"minecraft:saddle":1,"minecraft:gold_ingot":1,"paraglider:horned_statue":1,"minecraft:mutton":2,"minecraft:skeleton_skull":2,"minecraft:white_wool":1,"minecraft:lime_bed":7,"minecraft:basalt":7,"minecraft:leather":8,"minecraft:blackstone_slab":2,"minecraft:filled_map":2,"securitycraft:sc_manual":1,"minecraft:oak_log":338,"iceandfire:ectoplasm":2,"minecraft:cobblestone_wall":27,"minecraft:yellow_bed":2,"minecraft:cobbled_deepslate_stairs":9,"minecraft:gunpowder":6,"minecraft:podzol":1,"minecraft:apple":11,"minecraft:iron_ingot":1,"minecraft:iron_ore":2,"minecraft:book":12,"minecraft:oak_slab":141,"minecraft:smooth_basalt":3,"minecraft:warped_fungus":7,"iceandfire:dragon_ice_spikes":2,"minecraft:quartz":13,"minecraft:dandelion":3,"minecraft:raw_iron_block":1,"minecraft:gravel":137,"minecraft:amethyst_shard":16,"minecraft:spruce_sapling":3,"minecraft:blast_furnace":2,"minecraft:white_bed":10,"minecraft:spruce_log":3,"minecraft:spider_eye":4,"minecraft:leather_helmet":2,"minecraft:diamond_shovel":1,"minecraft:coal_ore":19,"minecraft:campfire":1,"minecraft:iron_helmet":1,"minecraft:diamond_axe":1,"minecraft:warped_roots":9,"alexscaves:cave_map":4,"minecraft:coal":200},"minecraft:broken":{"minecraft:iron_shovel":1,"minecraft:stone_hoe":1,"minecraft:iron_axe":2,"minecraft:iron_pickaxe":2},"minecraft:crafted":{"securitycraft:mine":3,"minecraft:smooth_stone":10,"minecraft:oak_planks":724,"minecraft:lightning_rod":1,"minecraft:stone":128,"paraglider:deku_leaf":1,"minecraft:cooked_mutton":12,"minecraft:dark_oak_door":3,"minecraft:glass":74,"minecraft:bow":3,"minecraft:chest":1,"minecraft:copper_block":7,"minecraft:stone_hoe":1,"minecraft:golden_boots":1,"minecraft:item_frame":10,"minecraft:emerald":45,"minecraft:arrow":192,"minecraft:crafting_table":2,"minecraft:spruce_planks":12,"minecraft:baked_potato":148,"minecraft:copper_ingot":67,"minecraft:chiseled_polished_blackstone":2,"minecraft:fletching_table":1,"minecraft:gold_block":9,"minecraft:birch_planks":120,"minecraft:campfire":2,"sophisticatedbackpacks:upgrade_base":1,"minecraft:stick":745,"minecraft:iron_ingot":204,"minecraft:iron_pickaxe":2,"minecraft:iron_block":26,"minecraft:gold_ingot":54,"minecraft:composter":1,"minecraft:shears":1,"minecraft:redstone":36,"minecraft:raw_iron":9,"minecraft:fishing_rod":1,"minecraft:jukebox":1,"minecraft:furnace":3,"minecraft:blast_furnace":2,"sophisticatedbackpacks:jukebox_upgrade":1,"minecraft:bone_meal":144,"minecraft:diamond_block":1,"minecraft:flint_and_steel":2,"minecraft:iron_axe":2,"minecraft:cobblestone_wall":66,"minecraft:cobbled_deepslate_stairs":28,"minecraft:redstone_block":19,"minecraft:dark_oak_planks":76,"minecraft:wheat":72,"sophisticatedbackpacks:iron_backpack":1,"minecraft:cooked_beef":16,"paraglider:paraglider":2,"minecraft:cooked_cod":6,"iceandfire:silver_ingot":48,"minecraft:cooked_salmon":2,"securitycraft:taser":1,"minecraft:bread":21,"minecraft:air":0,"securitycraft:dirt_mine":2,"minecraft:blue_dye":1,"minecraft:oak_fence_gate":4,"minecraft:flint":60,"minecraft:iron_shovel":2,"minecraft:torch":300,"minecraft:lapis_block":14},"minecraft:used":{"minecraft:iron_shovel":482,"minecraft:ladder":10,"minecraft:stone":146,"minecraft:bell":1,"minecraft:iron_chestplate":1,"paraglider:goddess_statue":2,"minecraft:nether_bricks":4,"minecraft:carrot":240,"minecraft:tuff":3,"minecraft:glass":9,"minecraft:lava_bucket":1,"minecraft:coal_ore":1,"minecraft:birch_sapling":15,"minecraft:iron_helmet":1,"minecraft:crimson_roots":1,"epicfight:diamond_greatsword":262,"minecraft:item_frame":12,"minecraft:bow":265,"minecraft:warped_fungus":5,"minecraft:oak_sapling":69,"minecraft:cooked_cod":5,"minecraft:skeleton_skull":2,"minecraft:egg":16,"minecraft:potato":217,"minecraft:dark_oak_sapling":18,"minecraft:chiseled_polished_blackstone":9,"epicfight:skillbook":12,"minecraft:diorite":3,"minecraft:oak_planks":361,"minecraft:composter":5,"minecraft:diamond_axe":184,"minecraft:oak_leaves":1,"minecraft:white_wool":1,"minecraft:golden_apple":4,"alexscaves:cave_book":1,"minecraft:blast_furnace":4,"minecraft:crossbow":5,"securitycraft:universal_block_remover":2,"minecraft:shears":1,"minecraft:cobbled_deepslate_stairs":37,"minecraft:pumpkin_seeds":3,"minecraft:lightning_rod":1,"minecraft:bread":93,"minecraft:blackstone_slab":2,"minecraft:grindstone":2,"minecraft:smithing_table":1,"minecraft:oak_fence":1,"minecraft:coarse_dirt":2,"minecraft:oak_boat":8,"minecraft:bone_meal":216,"minecraft:experience_bottle":4,"minecraft:enchanting_table":1,"minecraft:flint_and_steel":5,"minecraft:stone_hoe":147,"minecraft:cooked_chicken":3,"minecraft:netherrack":94,"minecraft:orange_bed":10,"minecraft:torch":338,"iceandfire:silver_ore":1,"minecraft:brewing_stand":3,"minecraft:dirt":487,"minecraft:warped_wart_block":1,"minecraft:cobblestone_wall":82,"minecraft:oak_fence_gate":4,"minecraft:iron_hoe":9,"minecraft:dark_oak_planks":41,"minecraft:bookshelf":29,"epicfight:iron_greatsword":133,"minecraft:iron_axe":583,"minecraft:polished_blackstone_brick_stairs":1,"minecraft:iron_boots":1,"minecraft:melon_seeds":2,"minecraft:smooth_basalt":3,"minecraft:bamboo":271,"minecraft:diamond_chestplate":1,"minecraft:basalt":1,"securitycraft:dirt_mine":4,"minecraft:podzol":1,"minecraft:cooked_beef":30,"minecraft:cobbled_deepslate":51,"minecraft:iron_leggings":1,"minecraft:calcite":5,"minecraft:cooked_mutton":4,"minecraft:wheat_seeds":160,"minecraft:water_bucket":183,"minecraft:amethyst_block":5,"minecraft:baked_potato":116,"minecraft:fletching_table":16,"minecraft:stonecutter":1,"iceandfire:dragon_skull_lightning":4,"minecraft:warped_roots":9,"minecraft:polished_blackstone_bricks":30,"minecraft:mossy_cobblestone":1,"minecraft:lime_bed":7,"minecraft:tnt":1,"minecraft:oak_slab":59,"minecraft:crafting_table":2,"minecraft:red_bed":9,"minecraft:white_bed":12,"minecraft:campfire":2,"minecraft:dark_oak_door":2,"minecraft:smoker":1,"minecraft:oak_log":17,"minecraft:diamond_pickaxe":2058,"minecraft:diamond_shovel":463,"minecraft:cracked_polished_blackstone_bricks":2,"minecraft:iron_pickaxe":520,"minecraft:spruce_sapling":3,"minecraft:fishing_rod":2,"minecraft:cobblestone":153,"iceandfire:dragon_ice_spikes":2,"minecraft:bucket":184,"minecraft:glass_pane":58,"minecraft:yellow_bed":2,"minecraft:dandelion":1,"minecraft:smooth_stone":2},"minecraft:killed_by":{"minecraft:zombified_piglin":2,"minecraft:piglin_brute":1,"sanitydim:rotting_stalker":1,"man:managgresive":1,"sanitydim:sneaking_terror":2,"minecraft:player":5,"cave_dweller:cave_dweller":1},"minecraft:dropped":{"minecraft:oak_log":16,"minecraft:diamond":1,"minecraft:dark_oak_sapling":1,"minecraft:leather_helmet":2,"iceandfire:graveyard_soil":3,"minecraft:emerald":31,"minecraft:cracked_polished_blackstone_bricks":10,"minecraft:dirt":107,"minecraft:polished_blackstone_brick_stairs":1,"minecraft:cooked_cod":1,"gravestone:obituary":30,"alexscaves:cave_map":3,"minecraft:phantom_membrane":4,"paraglider:paraglider":1,"minecraft:gold_ingot":6,"minecraft:bone":1,"minecraft:gravel":5,"minecraft:blackstone":9,"minecraft:yellow_wool":1,"paraglider:horned_statue":1,"minecraft:rotten_flesh":12,"minecraft:diamond_shovel":1,"minecraft:carrot":128,"minecraft:coal_ore":18,"minecraft:glowstone":6,"minecraft:chainmail_boots":18,"minecraft:iron_ore":2,"minecraft:campfire":1,"minecraft:glass":169,"minecraft:netherrack":3,"iceandfire:manuscript":4,"epicfight:diamond_greatsword":1,"minecraft:golden_boots":1,"minecraft:oak_slab":152,"minecraft:wheat_seeds":8,"minecraft:mossy_cobblestone":2,"minecraft:iron_helmet":3,"minecraft:feather":1,"minecraft:cobblestone":59,"minecraft:granite":1,"minecraft:chainmail_helmet":11,"minecraft:stick":29,"minecraft:torch":44,"epicfight:iron_greatsword":1,"minecraft:iron_leggings":2,"minecraft:smooth_stone":4,"securitycraft:sc_manual":1,"minecraft:paper":51,"minecraft:redstone_block":14,"minecraft:redstone":36,"minecraft:furnace":1,"minecraft:cobblestone_wall":11,"minecraft:stone_sword":1,"minecraft:blaze_rod":20,"minecraft:tuff":15,"minecraft:iron_boots":11,"sophisticatedbackpacks:backpack":1,"minecraft:white_terracotta":2,"minecraft:glass_pane":5,"minecraft:flint_and_steel":1,"minecraft:filled_map":2,"minecraft:stone":1053,"minecraft:diamond_pickaxe":1,"minecraft:iron_chestplate":3,"minecraft:andesite":4,"minecraft:oak_sapling":2,"minecraft:barrel":2,"minecraft:bamboo":95,"minecraft:bow":1},"minecraft:mined":{"minecraft:dark_oak_planks":1,"minecraft:white_bed":12,"minecraft:oak_sapling":2,"minecraft:farmland":1,"minecraft:cobbled_deepslate_stairs":9,"minecraft:sculk_vein":2,"minecraft:brewing_stand":3,"minecraft:obsidian":12,"minecraft:granite":52,"minecraft:chiseled_polished_blackstone":2,"minecraft:grass_block":277,"minecraft:cracked_polished_blackstone_bricks":10,"minecraft:composter":4,"minecraft:smooth_stone":2,"minecraft:polished_blackstone_bricks":34,"minecraft:raw_iron_block":1,"minecraft:iron_ore":12,"minecraft:barrel":2,"minecraft:cobbled_deepslate":7,"minecraft:fire":44,"minecraft:deepslate_lapis_ore":14,"minecraft:fletching_table":13,"iceandfire:gold_pile":15,"minecraft:dirt_path":6,"minecraft:orange_bed":10,"minecraft:deepslate_redstone_ore":35,"minecraft:red_bed":9,"minecraft:blackstone":1,"minecraft:twisting_vines_plant":1,"minecraft:smoker":1,"minecraft:amethyst_cluster":4,"minecraft:powder_snow":6,"iceandfire:dragon_ice_spikes":2,"minecraft:torch":57,"minecraft:blast_furnace":2,"minecraft:calcite":5,"minecraft:glass":159,"minecraft:nether_quartz_ore":13,"minecraft:cobblestone":47,"minecraft:oak_planks":111,"minecraft:sugar_cane":4,"minecraft:grindstone":2,"minecraft:wall_torch":28,"minecraft:amethyst_block":5,"minecraft:skeleton_skull":1,"minecraft:white_terracotta":2,"minecraft:birch_log":38,"paraglider:horned_statue":1,"minecraft:wheat":120,"minecraft:warped_fungus":7,"minecraft:wither_rose":2,"minecraft:grass":797,"minecraft:oak_log":338,"minecraft:dark_oak_sapling":6,"minecraft:sand":103,"minecraft:dirt":339,"minecraft:smooth_basalt":3,"minecraft:stonecutter":1,"minecraft:netherrack":58,"minecraft:deepslate":83,"minecraft:oak_leaves":104,"iceandfire:lightning_lily":1,"minecraft:tuff":10,"iceandfire:silver_ore":13,"minecraft:mossy_cobblestone":3,"minecraft:dark_oak_leaves":13,"minecraft:deepslate_diamond_ore":6,"minecraft:oak_door":2,"minecraft:dark_oak_log":85,"iceandfire:frozen_cobblestone":20,"minecraft:nether_bricks":4,"gravestone:gravestone":14,"minecraft:ladder":8,"minecraft:crimson_roots":1,"iceandfire:deepslate_silver_ore":2,"minecraft:spruce_leaves":47,"iceandfire:dragon_ice":43,"minecraft:large_fern":1,"minecraft:hay_block":13,"minecraft:oak_trapdoor":1,"minecraft:carrots":204,"minecraft:nether_sprouts":1,"minecraft:andesite":6,"minecraft:gold_block":18,"minecraft:bell":1,"minecraft:bookshelf":33,"minecraft:potatoes":164,"minecraft:deepslate_iron_ore":143,"minecraft:vine":2,"minecraft:bamboo_sapling":4,"minecraft:bamboo":45,"minecraft:stone":1391,"minecraft:bone_block":1,"minecraft:podzol":92,"minecraft:smithing_table":2,"minecraft:oak_slab":42,"minecraft:glass_pane":5,"minecraft:basalt":8,"minecraft:dandelion":3,"minecraft:oak_fence":1,"minecraft:blackstone_slab":2,"minecraft:emerald_ore":1,"minecraft:warped_roots":9,"minecraft:sculk_sensor":2,"minecraft:tall_grass":60,"minecraft:lapis_ore":2,"minecraft:deepslate_gold_ore":24,"minecraft:polished_blackstone_brick_stairs":2,"minecraft:sculk":36,"minecraft:diorite":16,"minecraft:warped_wart_block":1,"minecraft:lime_bed":7,"minecraft:cobblestone_wall":27,"minecraft:birch_leaves":5,"minecraft:yellow_bed":2,"iceandfire:silver_pile":1,"minecraft:coal_ore":169,"minecraft:gravel":131,"minecraft:fern":3,"paraglider:goddess_statue":2}},"DataVersion":3465}