{"stats":{"minecraft:used":{"minecraft:iron_shovel":360,"minecraft:ladder":1,"minecraft:bell":1,"minecraft:iron_chestplate":1,"paraglider:goddess_statue":2,"minecraft:carrot":136,"minecraft:tuff":3,"minecraft:lava_bucket":1,"minecraft:birch_sapling":15,"minecraft:iron_helmet":1,"epicfight:diamond_greatsword":52,"minecraft:item_frame":2,"minecraft:bow":107,"minecraft:oak_sapling":24,"minecraft:skeleton_skull":1,"minecraft:egg":14,"minecraft:potato":118,"epicfight:skillbook":4,"minecraft:diorite":3,"minecraft:oak_planks":8,"minecraft:composter":4,"minecraft:oak_leaves":1,"minecraft:white_wool":1,"minecraft:golden_apple":1,"alexscaves:cave_book":1,"minecraft:blast_furnace":4,"minecraft:shears":1,"minecraft:pumpkin_seeds":3,"minecraft:bread":93,"minecraft:grindstone":1,"minecraft:smithing_table":1,"minecraft:oak_boat":6,"minecraft:coarse_dirt":2,"minecraft:bone_meal":18,"minecraft:experience_bottle":4,"minecraft:oak_fence":1,"minecraft:stone_hoe":147,"minecraft:orange_bed":7,"minecraft:torch":208,"iceandfire:silver_ore":1,"minecraft:dirt":149,"minecraft:cobblestone_wall":82,"minecraft:oak_fence_gate":4,"minecraft:iron_hoe":3,"epicfight:iron_greatsword":123,"minecraft:iron_axe":373,"minecraft:iron_boots":1,"minecraft:smooth_basalt":3,"minecraft:bamboo":244,"minecraft:diamond_chestplate":1,"minecraft:cobbled_deepslate":44,"minecraft:iron_leggings":1,"minecraft:calcite":5,"minecraft:cooked_mutton":2,"minecraft:wheat_seeds":80,"minecraft:water_bucket":99,"minecraft:amethyst_block":5,"minecraft:baked_potato":35,"minecraft:fletching_table":16,"minecraft:stonecutter":1,"iceandfire:dragon_skull_lightning":4,"minecraft:crafting_table":2,"minecraft:oak_slab":1,"minecraft:lime_bed":5,"minecraft:red_bed":7,"minecraft:white_bed":3,"minecraft:campfire":2,"minecraft:smoker":1,"minecraft:diamond_pickaxe":237,"minecraft:iron_pickaxe":520,"minecraft:cobblestone":73,"iceandfire:dragon_ice_spikes":2,"minecraft:bucket":100,"minecraft:yellow_bed":1,"minecraft:smooth_stone":2},"minecraft:killed":{"minecraft:spider":8,"minecraft:skeleton":7,"minecraft:creeper":6,"iceandfire:cockatrice":1,"minecraft:zombie":24,"minecraft:cow":2,"minecraft:phantom":7,"minecraft:drowned":4,"iceandfire:troll":1,"iceandfire:ghost":4,"minecraft:enderman":1},"minecraft:crafted":{"minecraft:oak_planks":300,"minecraft:smooth_stone":10,"minecraft:stone":64,"paraglider:deku_leaf":1,"minecraft:cooked_mutton":2,"minecraft:bow":3,"minecraft:stone_hoe":1,"minecraft:item_frame":2,"minecraft:arrow":160,"minecraft:emerald":35,"minecraft:crafting_table":2,"minecraft:spruce_planks":12,"minecraft:baked_potato":148,"minecraft:copper_ingot":32,"minecraft:fletching_table":1,"minecraft:chiseled_polished_blackstone":2,"minecraft:birch_planks":120,"minecraft:campfire":2,"sophisticatedbackpacks:upgrade_base":1,"minecraft:stick":696,"minecraft:iron_ingot":177,"minecraft:iron_pickaxe":2,"minecraft:gold_ingot":29,"minecraft:composter":1,"minecraft:shears":1,"minecraft:raw_iron":9,"minecraft:jukebox":1,"minecraft:furnace":3,"minecraft:blast_furnace":2,"sophisticatedbackpacks:jukebox_upgrade":1,"minecraft:bone_meal":18,"minecraft:iron_axe":2,"minecraft:cobblestone_wall":66,"minecraft:wheat":72,"sophisticatedbackpacks:iron_backpack":1,"minecraft:cooked_beef":4,"paraglider:paraglider":2,"minecraft:cooked_cod":6,"minecraft:cooked_salmon":2,"securitycraft:taser":1,"minecraft:bread":21,"minecraft:air":0,"minecraft:blue_dye":1,"minecraft:oak_fence_gate":4,"minecraft:flint":60,"minecraft:iron_shovel":2,"minecraft:torch":232},"minecraft:mined":{"minecraft:white_bed":4,"minecraft:farmland":1,"minecraft:sculk_vein":2,"minecraft:brewing_stand":1,"minecraft:obsidian":12,"minecraft:granite":51,"minecraft:grass_block":186,"minecraft:composter":3,"minecraft:smooth_stone":2,"minecraft:raw_iron_block":1,"minecraft:cobbled_deepslate":2,"minecraft:fire":3,"minecraft:iron_ore":10,"minecraft:barrel":2,"minecraft:fletching_table":13,"minecraft:deepslate_lapis_ore":14,"iceandfire:gold_pile":15,"minecraft:dirt_path":5,"minecraft:orange_bed":7,"minecraft:deepslate_redstone_ore":35,"minecraft:red_bed":7,"minecraft:smoker":1,"minecraft:amethyst_cluster":4,"minecraft:powder_snow":6,"iceandfire:dragon_ice_spikes":2,"minecraft:torch":15,"minecraft:blast_furnace":2,"minecraft:calcite":5,"minecraft:cobblestone":14,"minecraft:grindstone":1,"minecraft:oak_planks":10,"minecraft:wall_torch":12,"minecraft:amethyst_block":5,"minecraft:skeleton_skull":1,"minecraft:white_terracotta":2,"minecraft:birch_log":38,"paraglider:horned_statue":1,"minecraft:wheat":40,"minecraft:wither_rose":2,"minecraft:grass":758,"minecraft:oak_log":224,"minecraft:dirt":40,"minecraft:smooth_basalt":3,"minecraft:stonecutter":1,"minecraft:oak_leaves":35,"minecraft:deepslate":83,"iceandfire:lightning_lily":1,"minecraft:tuff":10,"iceandfire:silver_ore":10,"minecraft:mossy_cobblestone":2,"minecraft:dark_oak_leaves":1,"minecraft:deepslate_diamond_ore":6,"iceandfire:frozen_cobblestone":20,"gravestone:gravestone":5,"iceandfire:deepslate_silver_ore":2,"minecraft:spruce_leaves":47,"iceandfire:dragon_ice":43,"minecraft:large_fern":1,"minecraft:hay_block":13,"minecraft:oak_trapdoor":1,"minecraft:carrots":87,"minecraft:andesite":6,"minecraft:bell":1,"minecraft:bookshelf":4,"minecraft:potatoes":72,"minecraft:deepslate_iron_ore":143,"minecraft:vine":2,"minecraft:bamboo_sapling":4,"minecraft:bamboo":41,"minecraft:stone":115,"minecraft:bone_block":1,"minecraft:smithing_table":1,"minecraft:oak_slab":14,"minecraft:oak_fence":1,"minecraft:emerald_ore":1,"minecraft:sculk_sensor":2,"minecraft:tall_grass":56,"minecraft:lapis_ore":2,"minecraft:deepslate_gold_ore":24,"minecraft:sculk":36,"minecraft:diorite":16,"minecraft:lime_bed":5,"minecraft:cobblestone_wall":27,"minecraft:birch_leaves":5,"minecraft:yellow_bed":1,"iceandfire:silver_pile":1,"minecraft:coal_ore":40,"minecraft:gravel":126,"minecraft:fern":3,"paraglider:goddess_statue":2},"minecraft:picked_up":{"minecraft:iron_chestplate":1,"minecraft:wheat":40,"minecraft:yellow_wool":1,"minecraft:smithing_table":1,"minecraft:wither_rose":2,"minecraft:brewing_stand":1,"minecraft:amethyst_block":5,"paraglider:goddess_statue":2,"minecraft:string":8,"minecraft:iron_leggings":1,"minecraft:diamond_leggings":1,"minecraft:gold_nugget":152,"minecraft:cobbled_deepslate":94,"minecraft:smooth_stone":2,"minecraft:calcite":5,"minecraft:iron_boots":1,"minecraft:stick":23,"minecraft:music_disc_blocks":1,"minecraft:composter":3,"minecraft:oak_fence":1,"minecraft:torch":29,"epicfight:diamond_greatsword":2,"iceandfire:silver_ore":1,"epicfight:skillbook":4,"minecraft:diorite":16,"iceandfire:lightning_lily":1,"minecraft:orange_bed":7,"minecraft:rotten_flesh":32,"minecraft:white_terracotta":2,"minecraft:obsidian":12,"minecraft:cobblestone":128,"minecraft:birch_log":38,"minecraft:feather":1,"minecraft:water_bucket":2,"minecraft:andesite":6,"minecraft:potato":258,"minecraft:smoker":1,"minecraft:flint":10,"minecraft:tuff":11,"minecraft:lapis_lazuli":105,"minecraft:dirt":253,"minecraft:name_tag":5,"minecraft:bone":7,"minecraft:stonecutter":1,"epicfight:iron_greatsword":1,"minecraft:bow":1,"minecraft:wheat_seeds":200,"minecraft:raw_gold":24,"minecraft:bell":1,"minecraft:grindstone":1,"minecraft:bamboo":335,"minecraft:diamond_helmet":1,"minecraft:fletching_table":15,"minecraft:oak_planks":10,"sophisticatedbackpacks:iron_backpack":1,"minecraft:grass_block":1,"minecraft:barrel":2,"minecraft:mossy_cobblestone":1,"minecraft:diamond":7,"iceandfire:dragon_ice":37,"minecraft:granite":51,"minecraft:golden_apple":2,"minecraft:emerald":38,"minecraft:oak_sapling":23,"iceandfire:silver_nugget":12,"minecraft:oak_leaves":1,"iceandfire:raw_silver":8,"minecraft:diamond_pickaxe":1,"iceandfire:dragon_skull_lightning":5,"minecraft:coarse_dirt":2,"iceandfire:frozen_cobblestone":19,"gravestone:obituary":2,"minecraft:oak_trapdoor":1,"minecraft:red_bed":7,"minecraft:beef":4,"minecraft:oak_boat":6,"minecraft:birch_sapling":15,"minecraft:phantom_membrane":4,"minecraft:egg":15,"minecraft:raw_iron":150,"iceandfire:dragonbone":35,"minecraft:carrot":327,"minecraft:redstone":151,"iceandfire:dragon_skull_ice":1,"minecraft:diamond_chestplate":1,"minecraft:arrow":5,"minecraft:diamond_boots":1,"minecraft:hay_block":13,"paraglider:horned_statue":1,"minecraft:mutton":2,"minecraft:white_wool":1,"minecraft:skeleton_skull":1,"minecraft:lime_bed":5,"minecraft:leather":2,"minecraft:filled_map":2,"minecraft:oak_log":223,"minecraft:gunpowder":5,"minecraft:yellow_bed":1,"minecraft:cobblestone_wall":27,"minecraft:apple":6,"minecraft:iron_ingot":1,"minecraft:book":12,"minecraft:oak_slab":14,"minecraft:smooth_basalt":3,"iceandfire:dragon_ice_spikes":2,"minecraft:raw_iron_block":1,"minecraft:gravel":118,"minecraft:amethyst_shard":16,"minecraft:spruce_sapling":3,"minecraft:blast_furnace":2,"minecraft:white_bed":2,"minecraft:spruce_log":3,"minecraft:spider_eye":4,"minecraft:campfire":1,"minecraft:iron_helmet":1,"alexscaves:cave_map":4,"minecraft:coal":89},"minecraft:broken":{"minecraft:iron_shovel":1,"minecraft:stone_hoe":1,"minecraft:iron_axe":1,"minecraft:iron_pickaxe":2},"minecraft:dropped":{"minecraft:oak_log":16,"minecraft:diamond":1,"minecraft:emerald":24,"minecraft:dirt":19,"gravestone:obituary":7,"alexscaves:cave_map":3,"paraglider:paraglider":1,"minecraft:bone":1,"minecraft:yellow_wool":1,"paraglider:horned_statue":1,"minecraft:rotten_flesh":8,"minecraft:carrot":64,"minecraft:campfire":1,"iceandfire:manuscript":4,"epicfight:diamond_greatsword":1,"minecraft:wheat_seeds":8,"minecraft:feather":1,"minecraft:stick":9,"minecraft:torch":44,"minecraft:paper":51,"minecraft:furnace":1,"minecraft:tuff":1,"minecraft:filled_map":2,"minecraft:oak_sapling":1,"minecraft:bamboo":83,"minecraft:bow":1},"minecraft:killed_by":{"sanitydim:rotting_stalker":1,"man:managgresive":1,"sanitydim:sneaking_terror":2,"cave_dweller:cave_dweller":1},"minecraft:custom":{"minecraft:animals_bred":9,"minecraft:interact_with_crafting_table":48,"minecraft:open_barrel":10,"minecraft:bell_ring":2,"minecraft:leave_game":4,"minecraft:time_since_death":12534,"minecraft:sprint_one_cm":2081616,"minecraft:drop":49,"minecraft:talked_to_villager":160,"minecraft:play_time":436020,"minecraft:deaths":5,"minecraft:jump":7597,"minecraft:walk_on_water_one_cm":29897,"minecraft:interact_with_furnace":39,"minecraft:traded_with_villager":56,"minecraft:interact_with_loom":4,"minecraft:sleep_in_bed":9,"minecraft:damage_dealt":15797,"minecraft:crouch_one_cm":70341,"minecraft:interact_with_smoker":55,"minecraft:horse_one_cm":210,"minecraft:interact_with_smithing_table":4,"minecraft:mob_kills":66,"minecraft:interact_with_anvil":1,"minecraft:climb_one_cm":21944,"minecraft:walk_one_cm":2023920,"minecraft:damage_dealt_absorbed":30,"minecraft:sneak_time":14735,"minecraft:walk_under_water_one_cm":30457,"minecraft:boat_one_cm":159253,"minecraft:interact_with_blast_furnace":49,"minecraft:total_world_time":436020,"minecraft:interact_with_stonecutter":4,"minecraft:time_since_rest":3333,"minecraft:damage_taken":4209,"minecraft:damage_absorbed":40,"minecraft:trigger_trapped_chest":3,"minecraft:swim_one_cm":72143,"minecraft:fly_one_cm":3567654,"minecraft:open_chest":781,"minecraft:fall_one_cm":140863}},"DataVersion":3465}