{"stats":{"minecraft:killed":{"minecraft:spider":7,"minecraft:phantom":2,"minecraft:skeleton":2,"minecraft:chicken":1,"minecraft:silverfish":5,"minecraft:pig":4,"minecraft:creeper":3,"minecraft:sheep":1,"minecraft:zombie":12,"iceandfire:ghost":5},"minecraft:dropped":{"minecraft:birch_planks":9,"minecraft:diamond":1,"minecraft:cobblestone":43,"minecraft:stick":4,"minecraft:dirt":5,"epicfight:iron_greatsword":1,"gravestone:obituary":10,"minecraft:iron_axe":2,"minecraft:iron_pickaxe":1,"minecraft:raw_iron":4,"minecraft:oak_planks":408,"minecraft:iron_boots":1,"sophisticatedbackpacks:backpack":1,"minecraft:totem_of_undying":1,"sophisticatedbackpacks:diamond_backpack":1,"iceandfire:ghost_chest":1,"minecraft:andesite":1,"minecraft:oak_sapling":2},"minecraft:mined":{"minecraft:spruce_planks":5,"iceandfire:graveyard_soil":7,"minecraft:oak_sapling":2,"minecraft:mossy_cobblestone":8,"minecraft:dark_oak_leaves":19,"minecraft:cherry_log":50,"minecraft:cobblestone_stairs":6,"minecraft:cherry_sapling":6,"minecraft:dark_oak_log":3,"gravestone:gravestone":10,"minecraft:acacia_log":146,"minecraft:grass_block":244,"minecraft:infested_cobblestone":1,"minecraft:jungle_planks":3,"minecraft:spruce_leaves":64,"minecraft:acacia_slab":37,"minecraft:chiseled_stone_bricks":6,"minecraft:large_fern":2,"minecraft:spruce_sapling":3,"minecraft:furnace":1,"minecraft:carrots":6,"minecraft:iron_ore":14,"minecraft:andesite":1,"minecraft:potatoes":68,"minecraft:cobblestone_slab":3,"minecraft:vine":17,"minecraft:iron_bars":2,"minecraft:stone":278,"minecraft:spruce_slab":65,"minecraft:orange_bed":1,"minecraft:oak_slab":1,"minecraft:acacia_leaves":25,"minecraft:red_bed":2,"minecraft:stone_brick_slab":14,"minecraft:powder_snow":1,"minecraft:crafting_table":3,"minecraft:torch":39,"minecraft:dark_oak_wood":5,"iceandfire:ghost_chest":1,"minecraft:chest":6,"minecraft:stone_slab":3,"minecraft:tall_grass":6,"minecraft:cobblestone":2,"minecraft:oak_planks":93,"minecraft:diorite":14,"minecraft:wall_torch":3,"minecraft:cherry_slab":1,"minecraft:skeleton_skull":2,"minecraft:birch_log":10,"minecraft:wheat":3,"minecraft:spruce_log":184,"minecraft:birch_leaves":2,"minecraft:stone_brick_stairs":5,"minecraft:grass":27,"minecraft:oak_log":161,"minecraft:cherry_leaves":76,"minecraft:gravel":3,"minecraft:dirt":397,"minecraft:cracked_stone_bricks":6,"minecraft:acacia_planks":47,"minecraft:stone_bricks":12,"minecraft:mossy_stone_bricks":2,"minecraft:oak_leaves":81,"minecraft:infested_stone":2},"minecraft:picked_up":{"iceandfire:dragon_skull_lightning":1,"minecraft:crafting_table":2,"minecraft:iron_chestplate":1,"minecraft:wheat":4,"iceandfire:witherbone":1,"minecraft:chicken":1,"minecraft:brown_mushroom":2,"minecraft:stone_slab":6,"minecraft:enchanted_book":1,"minecraft:stone_brick_stairs":14,"gravestone:obituary":2,"iceandfire:manuscript":10,"minecraft:string":4,"minecraft:red_bed":2,"minecraft:iron_axe":2,"minecraft:iron_leggings":2,"iceandfire:ghost_ingot":1,"iceandfire:graveyard_soil":7,"minecraft:cracked_stone_bricks":12,"minecraft:bucket":1,"minecraft:spruce_planks":5,"minecraft:cobblestone_slab":2,"minecraft:iron_pickaxe":2,"minecraft:spruce_slab":67,"minecraft:chest":7,"minecraft:phantom_membrane":1,"minecraft:furnace":1,"minecraft:iron_boots":3,"minecraft:egg":1,"minecraft:stick":71,"minecraft:raw_iron":8,"iceandfire:dragonbone":6,"iceandfire:ghost_chest":2,"minecraft:copper_ingot":2,"minecraft:torch":45,"minecraft:acacia_log":146,"sophisticatedbackpacks:backpack":1,"minecraft:porkchop":6,"minecraft:cherry_log":73,"minecraft:diorite":16,"minecraft:carrot":237,"minecraft:dark_oak_planks":4,"minecraft:orange_bed":1,"iceandfire:silver_ingot":4,"minecraft:arrow":3,"minecraft:rotten_flesh":15,"minecraft:totem_of_undying":2,"minecraft:mutton":2,"minecraft:iron_bars":12,"minecraft:white_wool":2,"minecraft:skeleton_skull":4,"minecraft:cobblestone":293,"paraglider:paraglider":1,"minecraft:birch_log":10,"minecraft:feather":1,"minecraft:cooked_beef":16,"minecraft:andesite":1,"minecraft:potato":715,"alexscaves:cave_book":1,"minecraft:oak_log":159,"iceandfire:ectoplasm":6,"minecraft:gunpowder":6,"minecraft:cobblestone_stairs":12,"minecraft:dirt":646,"minecraft:bone":14,"minecraft:acacia_planks":29,"minecraft:apple":8,"minecraft:stone_bricks":24,"epicfight:iron_greatsword":2,"minecraft:bow":1,"minecraft:wheat_seeds":26,"minecraft:mossy_stone_bricks":4,"minecraft:acacia_sapling":12,"minecraft:oak_planks":284,"sophisticatedbackpacks:diamond_backpack":2,"minecraft:oak_slab":1,"minecraft:chiseled_stone_bricks":12,"minecraft:stone_brick_slab":28,"minecraft:poisonous_potato":7,"minecraft:jungle_planks":3,"minecraft:gravel":6,"minecraft:spruce_sapling":18,"minecraft:spruce_log":179,"minecraft:spruce_door":2,"minecraft:dark_oak_log":3,"minecraft:spider_eye":2,"minecraft:mossy_cobblestone":5,"minecraft:diamond":1,"minecraft:iron_helmet":1,"minecraft:cherry_sapling":20,"minecraft:baked_potato":10,"minecraft:oak_sapling":61,"minecraft:acacia_slab":20,"minecraft:dark_oak_wood":5},"minecraft:killed_by":{"minecraft:creeper":1,"man:managgresive":2},"minecraft:broken":{"minecraft:stone_hoe":2,"minecraft:stone_pickaxe":1,"minecraft:iron_axe":2,"minecraft:stone_axe":2,"minecraft:iron_pickaxe":1,"iceandfire:silver_shovel":1,"minecraft:iron_hoe":1},"minecraft:crafted":{"minecraft:cherry_planks":100,"minecraft:oak_planks":420,"minecraft:cherry_slab":126,"iceandfire:ghost_sword":1,"iceandfire:silver_shovel":1,"minecraft:furnace":9,"minecraft:iron_axe":3,"minecraft:iron_hoe":2,"minecraft:spruce_slab":516,"minecraft:stone_pickaxe":1,"minecraft:chest":13,"minecraft:dark_oak_planks":32,"minecraft:stone_hoe":2,"iceandfire:dragonbone_sword":1,"minecraft:crafting_table":2,"minecraft:spruce_planks":448,"minecraft:acacia_slab":636,"minecraft:wooden_pickaxe":1,"minecraft:baked_potato":60,"minecraft:acacia_trapdoor":2,"minecraft:birch_planks":40,"minecraft:stone_axe":2,"minecraft:jungle_planks":256,"minecraft:air":0,"minecraft:charcoal":165,"minecraft:stick":16,"minecraft:iron_ingot":23,"minecraft:iron_pickaxe":1,"minecraft:iron_shovel":1,"minecraft:gold_ingot":19,"minecraft:acacia_planks":336,"minecraft:torch":196},"minecraft:custom":{"minecraft:mob_kills":43,"minecraft:interact_with_crafting_table":45,"minecraft:leave_game":12,"minecraft:time_since_death":13101,"minecraft:climb_one_cm":2188,"minecraft:sprint_one_cm":1114075,"minecraft:walk_one_cm":1668492,"minecraft:drop":35,"minecraft:play_time":382352,"minecraft:sneak_time":50021,"minecraft:deaths":10,"minecraft:walk_under_water_one_cm":730,"minecraft:jump":3428,"minecraft:walk_on_water_one_cm":8887,"minecraft:total_world_time":382352,"minecraft:interact_with_furnace":75,"minecraft:tune_noteblock":71,"minecraft:sleep_in_bed":20,"minecraft:time_since_rest":13178,"minecraft:damage_taken":5571,"minecraft:damage_dealt":7678,"minecraft:swim_one_cm":5272,"minecraft:fly_one_cm":1306303,"minecraft:open_chest":176,"minecraft:crouch_one_cm":355346,"minecraft:fall_one_cm":94318},"minecraft:used":{"minecraft:cherry_sapling":18,"minecraft:iron_shovel":158,"iceandfire:ghost_sword":4,"minecraft:spruce_slab":548,"minecraft:spruce_planks":128,"minecraft:chest":15,"minecraft:stone_hoe":262,"minecraft:rotten_flesh":4,"minecraft:orange_bed":1,"minecraft:torch":187,"minecraft:dirt":743,"minecraft:jungle_planks":3,"minecraft:carrot":172,"minecraft:acacia_sapling":11,"minecraft:iron_hoe":332,"epicfight:iron_greatsword":96,"minecraft:iron_axe":658,"minecraft:cherry_slab":85,"minecraft:acacia_slab":651,"minecraft:oak_sapling":23,"minecraft:furnace":10,"minecraft:egg":1,"minecraft:cooked_beef":16,"minecraft:potato":199,"minecraft:acacia_planks":56,"minecraft:wheat_seeds":5,"minecraft:water_bucket":25,"minecraft:acacia_trapdoor":1,"minecraft:stone_pickaxe":132,"minecraft:baked_potato":58,"minecraft:oak_planks":291,"minecraft:wooden_pickaxe":6,"minecraft:crafting_table":4,"minecraft:red_bed":2,"minecraft:spruce_log":9,"minecraft:apple":1,"minecraft:iron_pickaxe":251,"minecraft:spruce_sapling":18,"minecraft:stone_axe":263,"minecraft:porkchop":4,"minecraft:bucket":26,"iceandfire:silver_shovel":468}},"DataVersion":3465}