{"stats":{"minecraft:used":{"minecraft:iron_shovel":104,"iceandfire:ghost_sword":3,"minecraft:chest":9,"minecraft:stone_hoe":124,"minecraft:rotten_flesh":4,"minecraft:orange_bed":1,"minecraft:torch":54,"minecraft:dirt":568,"minecraft:carrot":6,"minecraft:acacia_sapling":11,"epicfight:iron_greatsword":83,"minecraft:iron_axe":276,"minecraft:acacia_slab":476,"minecraft:oak_sapling":23,"minecraft:furnace":10,"minecraft:egg":1,"minecraft:potato":80,"minecraft:cooked_beef":16,"minecraft:acacia_planks":56,"minecraft:wheat_seeds":5,"minecraft:water_bucket":15,"minecraft:acacia_trapdoor":1,"minecraft:stone_pickaxe":132,"minecraft:baked_potato":24,"minecraft:oak_planks":291,"minecraft:wooden_pickaxe":6,"minecraft:crafting_table":4,"minecraft:red_bed":2,"minecraft:apple":1,"minecraft:iron_pickaxe":194,"minecraft:spruce_sapling":7,"minecraft:stone_axe":263,"minecraft:porkchop":4,"minecraft:bucket":16,"iceandfire:silver_shovel":468},"minecraft:dropped":{"minecraft:birch_planks":9,"minecraft:diamond":1,"minecraft:cobblestone":43,"minecraft:stick":4,"minecraft:dirt":5,"epicfight:iron_greatsword":1,"gravestone:obituary":9,"minecraft:iron_axe":1,"minecraft:iron_pickaxe":1,"minecraft:raw_iron":4,"minecraft:oak_planks":408,"minecraft:iron_boots":1,"minecraft:totem_of_undying":1,"iceandfire:ghost_chest":1,"minecraft:andesite":1,"minecraft:oak_sapling":2},"minecraft:crafted":{"minecraft:oak_planks":420,"iceandfire:ghost_sword":1,"iceandfire:silver_shovel":1,"minecraft:furnace":9,"minecraft:iron_axe":2,"minecraft:stone_pickaxe":1,"minecraft:chest":5,"minecraft:dark_oak_planks":32,"minecraft:stone_hoe":2,"iceandfire:dragonbone_sword":1,"minecraft:crafting_table":2,"minecraft:acacia_slab":480,"minecraft:wooden_pickaxe":1,"minecraft:baked_potato":60,"minecraft:acacia_trapdoor":2,"minecraft:birch_planks":40,"minecraft:stone_axe":2,"minecraft:air":0,"minecraft:charcoal":110,"minecraft:stick":12,"minecraft:iron_ingot":23,"minecraft:iron_shovel":1,"minecraft:gold_ingot":19,"minecraft:acacia_planks":336,"minecraft:torch":40},"minecraft:picked_up":{"iceandfire:dragon_skull_lightning":1,"minecraft:iron_chestplate":1,"minecraft:crafting_table":2,"minecraft:wheat":1,"minecraft:chicken":1,"iceandfire:witherbone":1,"minecraft:brown_mushroom":2,"minecraft:stone_slab":6,"minecraft:stone_brick_stairs":14,"gravestone:obituary":2,"iceandfire:manuscript":10,"minecraft:string":2,"minecraft:red_bed":2,"minecraft:iron_axe":1,"minecraft:iron_leggings":2,"iceandfire:ghost_ingot":1,"iceandfire:graveyard_soil":7,"minecraft:cracked_stone_bricks":12,"minecraft:bucket":1,"minecraft:cobblestone_slab":2,"minecraft:iron_pickaxe":2,"minecraft:chest":5,"minecraft:egg":1,"minecraft:iron_boots":3,"minecraft:furnace":1,"minecraft:stick":49,"minecraft:raw_iron":8,"iceandfire:dragonbone":6,"iceandfire:ghost_chest":2,"minecraft:copper_ingot":2,"minecraft:torch":14,"minecraft:acacia_log":84,"sophisticatedbackpacks:backpack":1,"minecraft:porkchop":6,"minecraft:diorite":13,"minecraft:carrot":5,"minecraft:dark_oak_planks":4,"minecraft:orange_bed":1,"iceandfire:silver_ingot":4,"minecraft:rotten_flesh":15,"minecraft:totem_of_undying":2,"minecraft:mutton":2,"minecraft:iron_bars":12,"minecraft:white_wool":2,"minecraft:skeleton_skull":4,"minecraft:cobblestone":239,"minecraft:birch_log":10,"minecraft:feather":1,"minecraft:cooked_beef":16,"minecraft:andesite":1,"minecraft:potato":139,"minecraft:oak_log":159,"iceandfire:ectoplasm":6,"minecraft:gunpowder":2,"minecraft:cobblestone_stairs":12,"minecraft:dirt":574,"minecraft:bone":10,"minecraft:acacia_planks":29,"minecraft:apple":8,"minecraft:stone_bricks":24,"epicfight:iron_greatsword":2,"minecraft:wheat_seeds":17,"minecraft:mossy_stone_bricks":4,"minecraft:acacia_sapling":11,"minecraft:oak_planks":284,"minecraft:chiseled_stone_bricks":12,"minecraft:stone_brick_slab":28,"minecraft:poisonous_potato":2,"minecraft:gravel":6,"minecraft:spruce_sapling":7,"minecraft:spruce_log":46,"minecraft:spider_eye":2,"minecraft:dark_oak_log":3,"minecraft:spruce_door":2,"minecraft:mossy_cobblestone":5,"minecraft:diamond":1,"minecraft:iron_helmet":1,"minecraft:baked_potato":10,"minecraft:oak_sapling":61,"minecraft:acacia_slab":9,"minecraft:dark_oak_wood":5},"minecraft:broken":{"minecraft:stone_pickaxe":1,"minecraft:iron_axe":1,"minecraft:stone_axe":2,"iceandfire:silver_shovel":1},"minecraft:killed_by":{"minecraft:creeper":1,"man:managgresive":1},"minecraft:custom":{"minecraft:mob_kills":35,"minecraft:interact_with_crafting_table":33,"minecraft:leave_game":5,"minecraft:time_since_death":38632,"minecraft:climb_one_cm":2188,"minecraft:sprint_one_cm":609877,"minecraft:walk_one_cm":1149558,"minecraft:drop":31,"minecraft:play_time":239641,"minecraft:deaths":9,"minecraft:sneak_time":32062,"minecraft:walk_under_water_one_cm":730,"minecraft:jump":2105,"minecraft:walk_on_water_one_cm":3626,"minecraft:total_world_time":239641,"minecraft:interact_with_furnace":66,"minecraft:sleep_in_bed":20,"minecraft:time_since_rest":37501,"minecraft:damage_taken":4675,"minecraft:damage_dealt":6098,"minecraft:swim_one_cm":5272,"minecraft:fly_one_cm":655140,"minecraft:open_chest":105,"minecraft:crouch_one_cm":225577,"minecraft:fall_one_cm":73624},"minecraft:killed":{"minecraft:spider":5,"minecraft:chicken":1,"minecraft:silverfish":5,"minecraft:pig":4,"minecraft:creeper":2,"minecraft:sheep":1,"minecraft:zombie":12,"iceandfire:ghost":5},"minecraft:mined":{"minecraft:oak_sapling":2,"iceandfire:graveyard_soil":7,"minecraft:mossy_cobblestone":8,"minecraft:dark_oak_leaves":19,"minecraft:cobblestone_stairs":6,"minecraft:dark_oak_log":3,"gravestone:gravestone":9,"minecraft:acacia_log":84,"minecraft:grass_block":228,"minecraft:infested_cobblestone":1,"minecraft:spruce_leaves":52,"minecraft:acacia_slab":13,"minecraft:chiseled_stone_bricks":6,"minecraft:large_fern":2,"minecraft:spruce_sapling":1,"minecraft:furnace":1,"minecraft:carrots":2,"minecraft:iron_ore":14,"minecraft:andesite":1,"minecraft:potatoes":38,"minecraft:cobblestone_slab":3,"minecraft:vine":17,"minecraft:iron_bars":2,"minecraft:stone":224,"minecraft:orange_bed":1,"minecraft:acacia_leaves":17,"minecraft:red_bed":2,"minecraft:stone_brick_slab":14,"minecraft:powder_snow":1,"minecraft:crafting_table":3,"minecraft:torch":10,"minecraft:dark_oak_wood":5,"iceandfire:ghost_chest":1,"minecraft:chest":4,"minecraft:stone_slab":3,"minecraft:tall_grass":6,"minecraft:cobblestone":2,"minecraft:oak_planks":93,"minecraft:diorite":11,"minecraft:wall_torch":1,"minecraft:skeleton_skull":2,"minecraft:birch_log":10,"minecraft:wheat":1,"minecraft:spruce_log":46,"minecraft:birch_leaves":2,"minecraft:stone_brick_stairs":5,"minecraft:grass":27,"minecraft:oak_log":161,"minecraft:gravel":3,"minecraft:dirt":355,"minecraft:cracked_stone_bricks":6,"minecraft:acacia_planks":47,"minecraft:stone_bricks":12,"minecraft:mossy_stone_bricks":2,"minecraft:oak_leaves":81,"minecraft:infested_stone":2}},"DataVersion":3465}