{"stats":{"minecraft:broken":{"minecraft:stone_axe":1},"minecraft:killed":{"minecraft:pig":1,"minecraft:sheep":1,"minecraft:silverfish":3},"minecraft:crafted":{"minecraft:oak_planks":420,"minecraft:crafting_table":1,"minecraft:wooden_pickaxe":1,"minecraft:furnace":2,"minecraft:birch_planks":20,"minecraft:stone_axe":1,"minecraft:iron_axe":1,"minecraft:stick":12,"minecraft:stone_pickaxe":1,"minecraft:dark_oak_planks":20},"minecraft:dropped":{"minecraft:birch_planks":9,"minecraft:diamond":1,"minecraft:raw_iron":4,"minecraft:cobblestone":43,"minecraft:oak_planks":408,"minecraft:iron_boots":1,"minecraft:totem_of_undying":1,"minecraft:stick":4,"minecraft:dirt":5,"minecraft:andesite":1,"minecraft:oak_sapling":2,"epicfight:iron_greatsword":1,"minecraft:iron_axe":1,"minecraft:iron_pickaxe":1},"minecraft:custom":{"minecraft:interact_with_furnace":1,"minecraft:mob_kills":5,"minecraft:interact_with_crafting_table":7,"minecraft:time_since_death":44762,"minecraft:leave_game":2,"minecraft:sleep_in_bed":3,"minecraft:time_since_rest":12525,"minecraft:sprint_one_cm":107855,"minecraft:damage_taken":635,"minecraft:walk_one_cm":302247,"minecraft:drop":21,"minecraft:damage_dealt":473,"minecraft:swim_one_cm":5272,"minecraft:fly_one_cm":132812,"minecraft:open_chest":20,"minecraft:crouch_one_cm":695,"minecraft:play_time":44762,"minecraft:sneak_time":536,"minecraft:walk_under_water_one_cm":730,"minecraft:jump":430,"minecraft:walk_on_water_one_cm":1413,"minecraft:total_world_time":44762,"minecraft:fall_one_cm":4648},"minecraft:mined":{"minecraft:mossy_cobblestone":6,"minecraft:cobblestone_stairs":5,"minecraft:dark_oak_log":3,"minecraft:crafting_table":2,"minecraft:dark_oak_wood":5,"minecraft:infested_cobblestone":1,"minecraft:grass_block":2,"iceandfire:ghost_chest":1,"minecraft:tall_grass":1,"minecraft:cobblestone":2,"minecraft:oak_planks":93,"minecraft:wall_torch":1,"minecraft:chiseled_stone_bricks":3,"minecraft:birch_log":10,"minecraft:iron_ore":10,"minecraft:birch_leaves":2,"minecraft:andesite":1,"minecraft:grass":7,"minecraft:oak_log":29,"minecraft:cobblestone_slab":2,"minecraft:vine":9,"minecraft:iron_bars":1,"minecraft:gravel":3,"minecraft:dirt":5,"minecraft:stone":72,"minecraft:oak_leaves":2},"minecraft:used":{"minecraft:stone_pickaxe":91,"minecraft:oak_planks":291,"minecraft:wooden_pickaxe":6,"minecraft:torch":1,"minecraft:dirt":5,"minecraft:crafting_table":2,"minecraft:apple":1,"epicfight:iron_greatsword":13,"minecraft:iron_axe":21,"minecraft:iron_pickaxe":10,"minecraft:stone_axe":131,"minecraft:furnace":2,"minecraft:cooked_beef":8},"minecraft:picked_up":{"minecraft:birch_log":10,"iceandfire:dragon_skull_lightning":1,"minecraft:crafting_table":1,"minecraft:iron_chestplate":1,"minecraft:cooked_beef":16,"minecraft:andesite":1,"minecraft:oak_log":29,"minecraft:cobblestone_stairs":5,"iceandfire:manuscript":5,"minecraft:dirt":10,"minecraft:iron_axe":1,"minecraft:iron_leggings":1,"minecraft:bone":5,"minecraft:apple":1,"epicfight:iron_greatsword":2,"minecraft:wheat_seeds":1,"minecraft:cobblestone_slab":1,"minecraft:iron_pickaxe":2,"minecraft:oak_planks":279,"minecraft:iron_boots":3,"iceandfire:ghost_chest":1,"minecraft:raw_iron":4,"iceandfire:dragonbone":4,"minecraft:chiseled_stone_bricks":3,"minecraft:copper_ingot":1,"minecraft:torch":1,"minecraft:gravel":3,"minecraft:porkchop":2,"minecraft:dark_oak_log":3,"minecraft:mossy_cobblestone":5,"iceandfire:silver_ingot":4,"minecraft:diamond":1,"minecraft:iron_helmet":1,"minecraft:totem_of_undying":2,"minecraft:oak_sapling":2,"minecraft:dark_oak_wood":5,"minecraft:mutton":2,"minecraft:iron_bars":1,"minecraft:white_wool":1,"minecraft:cobblestone":67}},"DataVersion":3465}