{"stats":{"minecraft:broken":{"minecraft:stone_pickaxe":1,"minecraft:stone_axe":1},"minecraft:killed":{"minecraft:pig":4,"minecraft:spider":2,"minecraft:creeper":1,"minecraft:sheep":1,"iceandfire:ghost":5,"minecraft:silverfish":5},"minecraft:crafted":{"iceandfire:dragonbone_sword":1,"minecraft:oak_planks":420,"minecraft:crafting_table":2,"minecraft:wooden_pickaxe":1,"iceandfire:ghost_sword":1,"iceandfire:silver_shovel":1,"minecraft:furnace":2,"minecraft:birch_planks":40,"minecraft:stone_axe":1,"minecraft:iron_axe":1,"minecraft:stick":12,"minecraft:stone_pickaxe":1,"minecraft:chest":5,"minecraft:dark_oak_planks":32},"minecraft:dropped":{"minecraft:birch_planks":9,"minecraft:diamond":1,"minecraft:raw_iron":4,"minecraft:cobblestone":43,"minecraft:oak_planks":408,"minecraft:iron_boots":1,"minecraft:totem_of_undying":1,"minecraft:stick":4,"minecraft:dirt":5,"iceandfire:ghost_chest":1,"minecraft:andesite":1,"minecraft:oak_sapling":2,"epicfight:iron_greatsword":1,"minecraft:iron_axe":1,"minecraft:iron_pickaxe":1},"minecraft:custom":{"minecraft:interact_with_furnace":1,"minecraft:mob_kills":18,"minecraft:interact_with_crafting_table":13,"minecraft:leave_game":3,"minecraft:time_since_death":69704,"minecraft:sleep_in_bed":3,"minecraft:time_since_rest":37467,"minecraft:sprint_one_cm":193101,"minecraft:damage_taken":953,"minecraft:walk_one_cm":496595,"minecraft:drop":22,"minecraft:damage_dealt":2792,"minecraft:swim_one_cm":5272,"minecraft:fly_one_cm":209502,"minecraft:open_chest":43,"minecraft:crouch_one_cm":1908,"minecraft:play_time":69704,"minecraft:sneak_time":834,"minecraft:walk_under_water_one_cm":730,"minecraft:jump":728,"minecraft:walk_on_water_one_cm":1413,"minecraft:total_world_time":69704,"minecraft:fall_one_cm":9289},"minecraft:mined":{"minecraft:acacia_leaves":2,"iceandfire:graveyard_soil":7,"minecraft:mossy_cobblestone":6,"minecraft:dark_oak_leaves":19,"minecraft:cobblestone_stairs":6,"minecraft:stone_brick_slab":14,"minecraft:dark_oak_log":3,"minecraft:crafting_table":2,"minecraft:dark_oak_wood":5,"minecraft:acacia_log":22,"minecraft:grass_block":108,"minecraft:infested_cobblestone":1,"iceandfire:ghost_chest":1,"minecraft:stone_slab":3,"minecraft:tall_grass":6,"minecraft:cobblestone":2,"minecraft:oak_planks":93,"minecraft:diorite":3,"minecraft:wall_torch":1,"minecraft:chiseled_stone_bricks":6,"minecraft:skeleton_skull":2,"minecraft:large_fern":2,"minecraft:birch_log":10,"minecraft:iron_ore":14,"minecraft:andesite":1,"minecraft:birch_leaves":2,"minecraft:stone_brick_stairs":5,"minecraft:grass":13,"minecraft:oak_log":29,"minecraft:cobblestone_slab":3,"minecraft:vine":17,"minecraft:iron_bars":2,"minecraft:gravel":3,"minecraft:dirt":101,"minecraft:cracked_stone_bricks":6,"minecraft:stone_bricks":12,"minecraft:stone":103,"minecraft:mossy_stone_bricks":2,"minecraft:oak_leaves":2,"minecraft:infested_stone":2},"minecraft:used":{"iceandfire:ghost_sword":3,"minecraft:stone_pickaxe":132,"minecraft:oak_planks":291,"minecraft:chest":4,"minecraft:wooden_pickaxe":6,"minecraft:torch":1,"minecraft:dirt":21,"minecraft:crafting_table":2,"minecraft:acacia_sapling":2,"minecraft:apple":1,"epicfight:iron_greatsword":35,"minecraft:iron_axe":54,"minecraft:iron_pickaxe":62,"minecraft:stone_axe":131,"minecraft:furnace":2,"iceandfire:silver_shovel":216,"minecraft:cooked_beef":13},"minecraft:picked_up":{"minecraft:birch_log":10,"iceandfire:dragon_skull_lightning":1,"minecraft:crafting_table":1,"minecraft:iron_chestplate":1,"minecraft:cooked_beef":16,"iceandfire:witherbone":1,"minecraft:andesite":1,"minecraft:brown_mushroom":1,"minecraft:stone_slab":3,"iceandfire:ectoplasm":4,"minecraft:stone_brick_stairs":7,"minecraft:oak_log":29,"minecraft:cobblestone_stairs":6,"iceandfire:manuscript":5,"minecraft:dirt":205,"minecraft:iron_axe":1,"minecraft:iron_leggings":2,"minecraft:bone":5,"iceandfire:ghost_ingot":1,"minecraft:apple":1,"minecraft:stone_bricks":12,"iceandfire:graveyard_soil":7,"epicfight:iron_greatsword":2,"minecraft:cracked_stone_bricks":6,"minecraft:wheat_seeds":8,"minecraft:cobblestone_slab":2,"minecraft:mossy_stone_bricks":2,"minecraft:iron_pickaxe":2,"minecraft:acacia_sapling":3,"minecraft:oak_planks":279,"minecraft:iron_boots":3,"minecraft:stick":2,"minecraft:raw_iron":8,"iceandfire:dragonbone":4,"iceandfire:ghost_chest":2,"minecraft:chiseled_stone_bricks":6,"minecraft:copper_ingot":1,"minecraft:stone_brick_slab":14,"minecraft:torch":1,"minecraft:acacia_log":22,"sophisticatedbackpacks:backpack":1,"minecraft:gravel":3,"minecraft:porkchop":6,"minecraft:diorite":5,"minecraft:spruce_door":1,"minecraft:dark_oak_log":3,"minecraft:mossy_cobblestone":5,"iceandfire:silver_ingot":4,"minecraft:diamond":1,"minecraft:iron_helmet":1,"minecraft:totem_of_undying":2,"minecraft:oak_sapling":2,"minecraft:dark_oak_wood":5,"minecraft:mutton":2,"minecraft:skeleton_skull":2,"minecraft:iron_bars":6,"minecraft:white_wool":1,"minecraft:cobblestone":113}},"DataVersion":3465}