{"stats":{"minecraft:killed":{"minecraft:spider":1},"minecraft:crafted":{"minecraft:oak_door":3,"minecraft:oak_planks":260,"minecraft:crafting_table":1,"alexscaves:cave_map":2,"minecraft:air":0,"minecraft:glass":17,"minecraft:stick":12,"minecraft:iron_ingot":49,"epicfight:iron_greatsword":1,"minecraft:iron_shovel":2,"minecraft:torch":32},"minecraft:dropped":{"minecraft:cooked_beef":16,"minecraft:diamond":5,"minecraft:iron_helmet":1,"minecraft:oak_planks":192,"minecraft:iron_boots":1,"minecraft:totem_of_undying":3,"minecraft:iron_chestplate":1,"epicfight:iron_greatsword":2,"minecraft:iron_leggings":1,"minecraft:iron_axe":2,"minecraft:iron_pickaxe":2,"minecraft:iron_shovel":1},"minecraft:custom":{"minecraft:interact_with_furnace":8,"minecraft:mob_kills":1,"minecraft:interact_with_crafting_table":10,"minecraft:leave_game":3,"minecraft:time_since_death":21680,"minecraft:sleep_in_bed":4,"minecraft:time_since_rest":10713,"minecraft:sprint_one_cm":201664,"minecraft:damage_taken":535,"minecraft:walk_one_cm":429856,"minecraft:drop":19,"minecraft:damage_dealt":374,"minecraft:talked_to_villager":2,"minecraft:fly_one_cm":378725,"minecraft:open_chest":111,"minecraft:crouch_one_cm":2040,"minecraft:play_time":79029,"minecraft:deaths":1,"minecraft:sneak_time":563,"minecraft:walk_under_water_one_cm":6907,"minecraft:jump":685,"minecraft:interact_with_blast_furnace":5,"minecraft:walk_on_water_one_cm":6180,"minecraft:interact_with_smoker":6,"minecraft:total_world_time":79029,"minecraft:fall_one_cm":9096},"minecraft:mined":{"minecraft:clay":4,"gravestone:gravestone":1,"minecraft:grass_block":221,"minecraft:glass":5,"minecraft:oak_planks":16,"minecraft:iron_ore":16,"minecraft:grass":14,"minecraft:sand":17,"minecraft:dirt":18},"minecraft:killed_by":{"minecraft:player":1},"minecraft:used":{"minecraft:iron_ore":26,"minecraft:iron_shovel":260,"minecraft:oak_planks":451,"minecraft:chest":16,"minecraft:cooked_chicken":2,"minecraft:torch":7,"minecraft:oak_door":2,"minecraft:orange_bed":1,"minecraft:dirt":29,"minecraft:crafting_table":1,"minecraft:lime_bed":1,"minecraft:red_bed":1,"alexscaves:cave_book":3,"minecraft:blast_furnace":1,"minecraft:carrot":2,"minecraft:white_bed":1,"minecraft:smoker":1,"minecraft:oak_log":9,"minecraft:glass":158,"epicfight:iron_greatsword":4,"minecraft:iron_axe":23,"minecraft:iron_pickaxe":16,"alexscaves:spelunkery_table":1,"minecraft:cooked_beef":5},"minecraft:picked_up":{"minecraft:clay_ball":16,"minecraft:andesite":1,"minecraft:string":1,"minecraft:dirt":236,"man:cassette_1safetyinstructions":1,"minecraft:iron_axe":2,"minecraft:wheat_seeds":6,"minecraft:iron_pickaxe":1,"minecraft:oak_planks":426,"minecraft:stick":2,"minecraft:raw_iron":22,"minecraft:torch":4,"minecraft:sand":17,"minecraft:totem_of_undying":1,"minecraft:oak_sapling":2,"minecraft:cobblestone":43}},"DataVersion":3465}