{"stats":{"minecraft:used":{"minecraft:iron_shovel":334,"minecraft:ladder":5,"iceandfire:dragon_skull_ice":1,"minecraft:chest":16,"paraglider:goddess_statue":3,"minecraft:carrot":2,"minecraft:glass":162,"minecraft:lantern":1,"minecraft:iron_helmet":1,"epicfight:diamond_greatsword":34,"minecraft:item_frame":1,"minecraft:bow":25,"minecraft:oak_sapling":3,"epicfight:skillbook":8,"minecraft:diorite":6,"minecraft:stone_pickaxe":2,"minecraft:oak_planks":462,"minecraft:chainmail_helmet":1,"minecraft:golden_apple":6,"alexscaves:cave_book":10,"minecraft:blast_furnace":2,"man:cassetteplayer":1,"minecraft:chainmail_boots":1,"minecraft:grindstone":1,"minecraft:smithing_table":1,"minecraft:oak_boat":14,"minecraft:coarse_dirt":8,"minecraft:bone_meal":8,"minecraft:experience_bottle":896,"sophisticatedbackpacks:iron_backpack":1,"minecraft:enchanting_table":3,"minecraft:cooked_chicken":2,"minecraft:oak_door":2,"minecraft:orange_bed":1,"minecraft:torch":193,"minecraft:dirt":60,"minecraft:anvil":1,"minecraft:granite":2,"paraglider:horned_statue":2,"minecraft:bookshelf":29,"epicfight:iron_greatsword":122,"minecraft:iron_axe":224,"minecraft:iron_boots":1,"alexscaves:spelunkery_table":1,"minecraft:cooked_beef":11,"minecraft:cobbled_deepslate":11,"minecraft:enchanted_golden_apple":1,"minecraft:wheat_seeds":40,"minecraft:iron_ore":26,"minecraft:baked_potato":74,"minecraft:fletching_table":7,"minecraft:crafting_table":2,"minecraft:oak_slab":32,"minecraft:lime_bed":2,"minecraft:red_bed":1,"minecraft:white_bed":5,"minecraft:campfire":1,"minecraft:smoker":2,"minecraft:oak_log":9,"minecraft:diamond_pickaxe":71,"minecraft:diamond_shovel":34,"minecraft:iron_pickaxe":319,"minecraft:cobblestone":26,"minecraft:potion":1},"minecraft:killed":{"minecraft:cave_spider":1,"minecraft:witch":1,"minecraft:spider":2,"minecraft:skeleton":14,"minecraft:creeper":5,"iceandfire:cockatrice":1,"minecraft:zombie":24,"cave_dweller:cave_dweller":1,"iceandfire:fire_dragon":1,"minecraft:drowned":1,"iceandfire:ghost":3,"iceandfire:ice_dragon":1},"minecraft:crafted":{"minecraft:smooth_stone":3,"minecraft:oak_planks":2680,"minecraft:chainmail_helmet":11,"man:cassetteplayer":1,"minecraft:diamond_shovel":1,"sophisticatedbackpacks:crafting_upgrade":1,"minecraft:bookshelf":13,"minecraft:glass":17,"minecraft:diamond_leggings":3,"minecraft:diamond_helmet":4,"minecraft:bow":3,"minecraft:iron_boots":10,"minecraft:chest":3,"minecraft:oak_slab":18,"sophisticatedbackpacks:backpack":2,"minecraft:arrow":128,"minecraft:emerald":176,"minecraft:crafting_table":3,"minecraft:iron_helmet":2,"minecraft:chiseled_polished_blackstone":5,"minecraft:birch_planks":340,"minecraft:campfire":1,"sophisticatedbackpacks:upgrade_base":1,"minecraft:book":16,"minecraft:iron_chestplate":1,"minecraft:diamond_pickaxe":1,"minecraft:yellow_dye":1,"minecraft:stick":5893,"minecraft:iron_ingot":81,"minecraft:iron_pickaxe":1,"minecraft:iron_block":3,"minecraft:gold_ingot":34,"epicfight:diamond_greatsword":2,"minecraft:oak_door":3,"minecraft:furnace":1,"minecraft:blast_furnace":1,"minecraft:bone_meal":24,"alexscaves:cave_map":5,"minecraft:ladder":6,"epicfight:iron_greatsword":2,"minecraft:diamond_boots":3,"sophisticatedbackpacks:iron_backpack":3,"minecraft:enchanting_table":1,"minecraft:air":0,"minecraft:oak_boat":3,"minecraft:golden_apple":2,"minecraft:chainmail_boots":18,"minecraft:iron_shovel":2,"minecraft:iron_leggings":1,"minecraft:anvil":1,"minecraft:acacia_planks":24,"minecraft:torch":132,"minecraft:diamond_chestplate":4},"minecraft:mined":{"minecraft:large_amethyst_bud":2,"minecraft:white_bed":3,"iceandfire:graveyard_soil":10,"minecraft:obsidian":23,"minecraft:granite":5,"minecraft:acacia_log":23,"minecraft:grass_block":244,"sophisticatedbackpacks:iron_backpack":1,"minecraft:iron_ore":23,"minecraft:cobbled_deepslate":5,"minecraft:fire":3,"minecraft:fletching_table":7,"minecraft:deepslate_lapis_ore":8,"minecraft:enchanting_table":2,"iceandfire:gold_pile":26,"minecraft:dirt_path":2,"minecraft:smoker":1,"minecraft:clay":4,"minecraft:torch":18,"minecraft:glass":5,"minecraft:cobblestone":6,"minecraft:oak_planks":31,"minecraft:wall_torch":6,"minecraft:deepslate_copper_ore":1,"minecraft:birch_log":5,"paraglider:horned_statue":1,"minecraft:wheat":40,"minecraft:tnt":1,"minecraft:grass":44,"minecraft:oak_log":80,"minecraft:sand":17,"minecraft:dirt":80,"minecraft:oak_leaves":12,"minecraft:deepslate":74,"minecraft:tuff":10,"iceandfire:silver_ore":4,"minecraft:mossy_cobblestone":1,"minecraft:deepslate_diamond_ore":9,"gravestone:gravestone":4,"minecraft:chiseled_bookshelf":4,"iceandfire:deepslate_silver_ore":1,"minecraft:spruce_leaves":24,"minecraft:andesite":3,"minecraft:bookshelf":8,"minecraft:deepslate_iron_ore":54,"minecraft:vine":1,"minecraft:rail":1,"minecraft:stripped_oak_log":1,"minecraft:bamboo":1,"minecraft:stone":67,"minecraft:bone_block":39,"minecraft:oak_slab":19,"minecraft:acacia_leaves":2,"minecraft:dandelion":1,"minecraft:cornflower":1,"minecraft:sculk_sensor":2,"minecraft:tall_grass":1,"minecraft:deepslate_gold_ore":31,"minecraft:sculk":5,"minecraft:diorite":6,"minecraft:lime_bed":1,"minecraft:coarse_dirt":11,"minecraft:birch_leaves":2,"minecraft:coal_ore":6,"minecraft:gravel":1,"minecraft:fern":1,"paraglider:goddess_statue":3},"minecraft:picked_up":{"minecraft:wheat":39,"iceandfire:manuscript":4,"paraglider:goddess_statue":3,"minecraft:string":1,"minecraft:raw_copper":3,"minecraft:experience_bottle":448,"minecraft:gold_nugget":284,"minecraft:cobbled_deepslate":69,"minecraft:iron_pickaxe":1,"minecraft:furnace":1,"minecraft:stick":13,"minecraft:oak_fence":2,"minecraft:torch":42,"minecraft:acacia_log":22,"iceandfire:dragonscales_white":24,"minecraft:diorite":6,"minecraft:rotten_flesh":31,"iceandfire:fire_dragon_heart":1,"minecraft:obsidian":20,"minecraft:cobblestone":114,"paraglider:paraglider":1,"minecraft:birch_log":5,"minecraft:enchanting_table":2,"minecraft:feather":6,"minecraft:andesite":4,"minecraft:smoker":1,"minecraft:tuff":7,"minecraft:lapis_lazuli":48,"minecraft:dirt":395,"minecraft:lantern":1,"minecraft:bone":18,"minecraft:bow":2,"minecraft:wheat_seeds":122,"minecraft:raw_gold":31,"minecraft:bamboo":84,"minecraft:fletching_table":6,"minecraft:oak_planks":505,"minecraft:sand":17,"iceandfire:dragon_skull_fire":1,"sophisticatedbackpacks:iron_backpack":1,"minecraft:mossy_cobblestone":1,"minecraft:diamond":9,"iceandfire:dragon_ice":8,"minecraft:granite":2,"minecraft:emerald":24,"minecraft:oak_sapling":5,"iceandfire:raw_silver":5,"iceandfire:dragon_skull_lightning":5,"minecraft:coarse_dirt":8,"iceandfire:witherbone":3,"minecraft:clay_ball":16,"gravestone:obituary":1,"minecraft:cornflower":1,"minecraft:iron_axe":2,"minecraft:item_frame":1,"iceandfire:graveyard_soil":3,"minecraft:oak_boat":14,"minecraft:birch_sapling":1,"iceandfire:ice_dragon_heart":1,"minecraft:egg":2,"minecraft:raw_iron":85,"iceandfire:dragonbone":66,"iceandfire:dragonscales_gray":20,"iceandfire:troll_tusk":2,"minecraft:redstone":4,"iceandfire:dragon_skull_ice":3,"minecraft:tnt":1,"minecraft:arrow":10,"iceandfire:cyclops_eye":1,"minecraft:totem_of_undying":1,"paraglider:horned_statue":2,"minecraft:mutton":10,"minecraft:bone_block":39,"minecraft:rail":1,"minecraft:stripped_oak_log":1,"minecraft:lime_bed":1,"minecraft:leather":5,"minecraft:red_mushroom":1,"minecraft:filled_map":1,"minecraft:oak_log":95,"iceandfire:ectoplasm":2,"minecraft:gunpowder":3,"minecraft:paper":51,"man:cassette_1safetyinstructions":1,"minecraft:stone_bricks":4,"minecraft:iron_ingot":1,"minecraft:stone_pickaxe":2,"minecraft:cooked_chicken":3,"minecraft:book":24,"minecraft:oak_slab":19,"iceandfire:ash":2,"minecraft:dandelion":1,"minecraft:spruce_sapling":4,"minecraft:white_bed":5,"minecraft:spruce_log":2,"alexscaves:cave_map":6,"minecraft:baked_potato":1,"minecraft:coal":7},"minecraft:dropped":{"sophisticatedbackpacks:iron_backpack":1,"minecraft:cooked_beef":16,"minecraft:baked_potato":1,"minecraft:diamond":5,"minecraft:fletching_table":1,"minecraft:emerald":37,"minecraft:dirt":64,"gravestone:obituary":2,"alexscaves:cave_map":6,"minecraft:iron_pickaxe":2,"minecraft:birch_sapling":1,"minecraft:rotten_flesh":7,"minecraft:oak_planks":256,"minecraft:carrot":30,"minecraft:water_bucket":2,"epicfight:diamond_greatsword":1,"minecraft:wheat_seeds":9,"minecraft:diamond_leggings":1,"minecraft:iron_helmet":2,"minecraft:feather":1,"minecraft:golden_apple":2,"minecraft:stick":2,"epicfight:iron_greatsword":3,"minecraft:diamond_helmet":1,"minecraft:iron_leggings":2,"minecraft:iron_axe":2,"minecraft:iron_shovel":1,"minecraft:furnace":1,"minecraft:experience_bottle":448,"minecraft:iron_boots":2,"minecraft:name_tag":5,"minecraft:totem_of_undying":3,"minecraft:filled_map":2,"iceandfire:dragon_ice":4,"minecraft:potato":32,"minecraft:diamond_chestplate":1,"minecraft:iron_chestplate":2,"minecraft:diamond_pickaxe":1,"minecraft:oak_boat":1,"minecraft:stone_bricks":4,"minecraft:bamboo":1,"minecraft:diamond_boots":1,"minecraft:bow":1,"minecraft:stone_pickaxe":2,"iceandfire:dragon_skull_lightning":2,"epicfight:skillbook":4},"minecraft:killed_by":{"sanitydim:rotting_stalker":1,"man:managgresive":1,"minecraft:player":1,"cave_dweller:cave_dweller":1},"minecraft:custom":{"minecraft:animals_bred":3,"minecraft:interact_with_crafting_table":54,"minecraft:open_barrel":5,"minecraft:bell_ring":1,"minecraft:leave_game":6,"minecraft:time_since_death":28522,"minecraft:damage_resisted":198,"minecraft:sprint_one_cm":1186984,"minecraft:drop":85,"minecraft:play_noteblock":3,"minecraft:talked_to_villager":91,"minecraft:play_time":489520,"minecraft:deaths":4,"minecraft:jump":5216,"minecraft:walk_on_water_one_cm":53198,"minecraft:enchant_item":17,"minecraft:interact_with_furnace":15,"minecraft:traded_with_villager":244,"minecraft:interact_with_loom":43,"minecraft:sleep_in_bed":13,"minecraft:damage_dealt":13496,"minecraft:crouch_one_cm":33960,"minecraft:interact_with_smoker":8,"minecraft:interact_with_smithing_table":1,"minecraft:mob_kills":56,"minecraft:interact_with_anvil":2,"minecraft:climb_one_cm":17853,"minecraft:walk_one_cm":1906709,"minecraft:sneak_time":15564,"minecraft:walk_under_water_one_cm":19605,"minecraft:boat_one_cm":103798,"minecraft:interact_with_blast_furnace":20,"minecraft:total_world_time":489520,"minecraft:tune_noteblock":2,"minecraft:interact_with_grindstone":4,"minecraft:time_since_rest":3234,"minecraft:damage_taken":4170,"minecraft:damage_absorbed":395,"minecraft:trigger_trapped_chest":1,"minecraft:swim_one_cm":52064,"minecraft:fly_one_cm":2448204,"minecraft:open_chest":458,"minecraft:fall_one_cm":79863}},"DataVersion":3465}