{"stats":{"minecraft:killed_by":{"minecraft:player":1,"man:managgresive":1,"cave_dweller:cave_dweller":1},"minecraft:killed":{"minecraft:cave_spider":1,"minecraft:witch":1,"minecraft:spider":1,"minecraft:skeleton":12,"minecraft:creeper":5,"iceandfire:cockatrice":1,"iceandfire:ghost":3,"minecraft:zombie":21,"cave_dweller:cave_dweller":1},"minecraft:crafted":{"epicfight:diamond_greatsword":2,"minecraft:oak_door":3,"minecraft:smooth_stone":3,"minecraft:oak_planks":2668,"minecraft:chainmail_helmet":11,"man:cassetteplayer":1,"minecraft:furnace":1,"minecraft:blast_furnace":1,"minecraft:diamond_shovel":1,"minecraft:bone_meal":18,"sophisticatedbackpacks:crafting_upgrade":1,"minecraft:bookshelf":13,"alexscaves:cave_map":2,"minecraft:glass":17,"minecraft:bow":3,"minecraft:diamond_helmet":4,"minecraft:iron_boots":10,"minecraft:diamond_leggings":3,"minecraft:ladder":6,"epicfight:iron_greatsword":2,"minecraft:chest":3,"minecraft:diamond_boots":3,"sophisticatedbackpacks:iron_backpack":2,"minecraft:oak_slab":18,"minecraft:arrow":128,"minecraft:emerald":176,"sophisticatedbackpacks:backpack":2,"minecraft:crafting_table":3,"minecraft:enchanting_table":1,"minecraft:iron_helmet":2,"minecraft:chiseled_polished_blackstone":5,"minecraft:birch_planks":340,"sophisticatedbackpacks:upgrade_base":1,"minecraft:air":0,"minecraft:oak_boat":2,"minecraft:diamond_pickaxe":1,"minecraft:book":16,"minecraft:iron_chestplate":1,"minecraft:golden_apple":2,"minecraft:stick":5881,"minecraft:chainmail_boots":18,"minecraft:iron_ingot":79,"minecraft:iron_pickaxe":1,"minecraft:iron_block":3,"minecraft:gold_ingot":34,"minecraft:iron_shovel":2,"minecraft:iron_leggings":1,"minecraft:anvil":1,"minecraft:acacia_planks":24,"minecraft:torch":116,"minecraft:diamond_chestplate":4},"minecraft:used":{"minecraft:enchanting_table":3,"sophisticatedbackpacks:iron_backpack":1,"minecraft:iron_shovel":334,"iceandfire:dragon_skull_ice":1,"minecraft:ladder":5,"minecraft:chest":16,"minecraft:cooked_chicken":2,"minecraft:oak_door":2,"minecraft:orange_bed":1,"minecraft:torch":163,"paraglider:goddess_statue":3,"minecraft:dirt":33,"minecraft:anvil":1,"minecraft:carrot":2,"minecraft:granite":2,"minecraft:glass":162,"paraglider:horned_statue":2,"minecraft:bookshelf":29,"minecraft:lantern":1,"epicfight:iron_greatsword":122,"minecraft:iron_axe":191,"minecraft:iron_helmet":1,"minecraft:iron_boots":1,"epicfight:diamond_greatsword":6,"alexscaves:spelunkery_table":1,"minecraft:oak_sapling":3,"minecraft:cooked_beef":11,"minecraft:cobbled_deepslate":11,"minecraft:wheat_seeds":40,"epicfight:skillbook":8,"minecraft:diorite":6,"minecraft:iron_ore":26,"minecraft:stone_pickaxe":2,"minecraft:baked_potato":40,"minecraft:oak_planks":462,"minecraft:chainmail_helmet":1,"minecraft:fletching_table":7,"minecraft:golden_apple":3,"minecraft:crafting_table":2,"minecraft:oak_slab":32,"minecraft:lime_bed":2,"minecraft:red_bed":1,"alexscaves:cave_book":4,"minecraft:blast_furnace":2,"minecraft:white_bed":1,"minecraft:smoker":2,"minecraft:oak_log":9,"man:cassetteplayer":1,"minecraft:diamond_pickaxe":32,"minecraft:iron_pickaxe":319,"minecraft:cobblestone":26,"minecraft:chainmail_boots":1,"minecraft:grindstone":1,"minecraft:smithing_table":1,"minecraft:oak_boat":12,"minecraft:experience_bottle":884,"minecraft:coarse_dirt":8,"minecraft:bone_meal":7},"minecraft:custom":{"minecraft:interact_with_anvil":2,"minecraft:mob_kills":46,"minecraft:animals_bred":1,"minecraft:interact_with_crafting_table":46,"minecraft:open_barrel":5,"minecraft:leave_game":5,"minecraft:time_since_death":50599,"minecraft:climb_one_cm":14210,"minecraft:sprint_one_cm":852249,"minecraft:walk_one_cm":1538764,"minecraft:drop":72,"minecraft:play_noteblock":3,"minecraft:talked_to_villager":86,"minecraft:play_time":370209,"minecraft:deaths":3,"minecraft:sneak_time":5479,"minecraft:walk_under_water_one_cm":7352,"minecraft:boat_one_cm":5580,"minecraft:jump":3489,"minecraft:interact_with_blast_furnace":15,"minecraft:walk_on_water_one_cm":16842,"minecraft:enchant_item":17,"minecraft:total_world_time":370209,"minecraft:interact_with_furnace":14,"minecraft:traded_with_villager":244,"minecraft:tune_noteblock":2,"minecraft:interact_with_loom":23,"minecraft:interact_with_grindstone":4,"minecraft:sleep_in_bed":7,"minecraft:time_since_rest":50681,"minecraft:damage_taken":2709,"minecraft:damage_absorbed":122,"minecraft:trigger_trapped_chest":1,"minecraft:damage_dealt":10728,"minecraft:fly_one_cm":1452123,"minecraft:open_chest":362,"minecraft:crouch_one_cm":12978,"minecraft:interact_with_smoker":8,"minecraft:fall_one_cm":47897},"minecraft:dropped":{"sophisticatedbackpacks:iron_backpack":1,"minecraft:water_bucket":2,"minecraft:wheat_seeds":9,"minecraft:cooked_beef":16,"minecraft:diamond":5,"minecraft:diamond_leggings":1,"minecraft:iron_helmet":2,"minecraft:fletching_table":1,"minecraft:golden_apple":2,"minecraft:emerald":4,"minecraft:stick":2,"minecraft:dirt":64,"epicfight:iron_greatsword":3,"minecraft:diamond_helmet":1,"gravestone:obituary":2,"minecraft:iron_leggings":2,"minecraft:iron_axe":2,"minecraft:iron_pickaxe":2,"minecraft:iron_shovel":1,"minecraft:furnace":1,"minecraft:birch_sapling":1,"minecraft:experience_bottle":448,"minecraft:rotten_flesh":7,"minecraft:iron_boots":2,"minecraft:oak_planks":256,"minecraft:name_tag":5,"minecraft:totem_of_undying":3,"minecraft:carrot":30,"minecraft:filled_map":2,"minecraft:potato":32,"minecraft:diamond_chestplate":1,"minecraft:iron_chestplate":2,"minecraft:oak_boat":1,"minecraft:stone_bricks":4,"minecraft:bamboo":1,"minecraft:diamond_boots":1,"minecraft:stone_pickaxe":2,"iceandfire:dragon_skull_lightning":2,"epicfight:skillbook":4},"minecraft:mined":{"minecraft:large_amethyst_bud":2,"minecraft:tuff":10,"iceandfire:silver_ore":4,"iceandfire:graveyard_soil":10,"minecraft:mossy_cobblestone":1,"minecraft:deepslate_diamond_ore":9,"minecraft:obsidian":23,"minecraft:granite":5,"gravestone:gravestone":3,"minecraft:chiseled_bookshelf":4,"minecraft:acacia_log":23,"minecraft:grass_block":224,"sophisticatedbackpacks:iron_backpack":1,"iceandfire:deepslate_silver_ore":1,"minecraft:iron_ore":23,"minecraft:fire":1,"minecraft:cobbled_deepslate":5,"minecraft:andesite":3,"minecraft:fletching_table":7,"minecraft:deepslate_lapis_ore":8,"minecraft:enchanting_table":2,"minecraft:bookshelf":8,"minecraft:vine":1,"minecraft:deepslate_iron_ore":54,"minecraft:dirt_path":2,"minecraft:rail":1,"minecraft:stripped_oak_log":1,"minecraft:bamboo":1,"minecraft:stone":67,"minecraft:oak_slab":19,"minecraft:acacia_leaves":2,"minecraft:smoker":1,"minecraft:clay":4,"minecraft:torch":1,"minecraft:sculk_sensor":2,"minecraft:cobblestone":6,"minecraft:glass":5,"minecraft:tall_grass":1,"minecraft:deepslate_gold_ore":31,"minecraft:oak_planks":31,"minecraft:sculk":5,"minecraft:diorite":6,"minecraft:wall_torch":4,"minecraft:deepslate_copper_ore":1,"minecraft:lime_bed":1,"minecraft:coarse_dirt":11,"minecraft:wheat":40,"minecraft:birch_log":5,"paraglider:horned_statue":1,"minecraft:birch_leaves":2,"minecraft:tnt":1,"minecraft:grass":41,"minecraft:coal_ore":6,"minecraft:oak_log":73,"minecraft:gravel":1,"minecraft:sand":17,"minecraft:dirt":63,"minecraft:oak_leaves":8,"minecraft:deepslate":74,"paraglider:goddess_statue":3},"minecraft:picked_up":{"iceandfire:dragon_skull_lightning":5,"minecraft:coarse_dirt":8,"minecraft:wheat":39,"iceandfire:witherbone":3,"minecraft:clay_ball":16,"gravestone:obituary":1,"minecraft:raw_copper":3,"iceandfire:manuscript":4,"paraglider:goddess_statue":3,"minecraft:string":1,"minecraft:iron_axe":2,"minecraft:experience_bottle":448,"iceandfire:graveyard_soil":3,"minecraft:cobbled_deepslate":69,"minecraft:oak_boat":13,"minecraft:iron_pickaxe":1,"minecraft:birch_sapling":1,"minecraft:furnace":1,"minecraft:egg":2,"iceandfire:dragonbone":47,"minecraft:raw_iron":85,"minecraft:stick":12,"iceandfire:troll_tusk":2,"minecraft:oak_fence":2,"minecraft:torch":24,"minecraft:acacia_log":22,"minecraft:diorite":6,"minecraft:redstone":4,"iceandfire:dragon_skull_ice":2,"minecraft:tnt":1,"minecraft:rotten_flesh":28,"minecraft:arrow":7,"minecraft:totem_of_undying":1,"paraglider:horned_statue":2,"minecraft:obsidian":20,"minecraft:rail":1,"minecraft:cobblestone":114,"minecraft:stripped_oak_log":1,"minecraft:birch_log":5,"minecraft:enchanting_table":2,"minecraft:lime_bed":1,"minecraft:feather":5,"minecraft:andesite":4,"minecraft:red_mushroom":1,"minecraft:smoker":1,"minecraft:filled_map":1,"minecraft:tuff":7,"minecraft:oak_log":88,"iceandfire:ectoplasm":2,"minecraft:gunpowder":3,"minecraft:lapis_lazuli":48,"minecraft:dirt":342,"minecraft:lantern":1,"man:cassette_1safetyinstructions":1,"minecraft:bone":16,"minecraft:stone_bricks":4,"minecraft:bow":1,"minecraft:wheat_seeds":122,"minecraft:raw_gold":31,"minecraft:iron_ingot":1,"minecraft:stone_pickaxe":2,"minecraft:cooked_chicken":3,"minecraft:bamboo":84,"minecraft:fletching_table":6,"minecraft:oak_planks":505,"minecraft:book":24,"minecraft:oak_slab":19,"minecraft:sand":17,"sophisticatedbackpacks:iron_backpack":1,"minecraft:mossy_cobblestone":1,"minecraft:diamond":9,"minecraft:granite":2,"minecraft:emerald":24,"minecraft:oak_sapling":5,"iceandfire:raw_silver":5,"minecraft:coal":7}},"DataVersion":3465}