{"stats":{"minecraft:used":{"minecraft:iron_shovel":334,"iceandfire:dragon_skull_ice":1,"minecraft:ladder":5,"minecraft:chest":18,"minecraft:stone":1067,"minecraft:nether_wart":23,"paraglider:goddess_statue":3,"minecraft:soul_sand":15,"securitycraft:keypad_item":3,"minecraft:carrot":22,"minecraft:obsidian":12,"minecraft:glass":251,"minecraft:lantern":1,"minecraft:iron_helmet":1,"epicfight:diamond_greatsword":186,"minecraft:item_frame":1,"minecraft:bow":152,"minecraft:oak_sapling":17,"minecraft:cooked_cod":1,"minecraft:dark_oak_sapling":22,"minecraft:chiseled_polished_blackstone":1,"epicfight:skillbook":11,"minecraft:diorite":6,"minecraft:stone_pickaxe":2,"minecraft:oak_planks":664,"minecraft:blackstone":49,"minecraft:chainmail_helmet":1,"minecraft:diamond_axe":58,"minecraft:golden_apple":12,"minecraft:sand":2,"alexscaves:cave_book":10,"minecraft:blast_furnace":2,"securitycraft:universal_block_remover":1,"man:cassetteplayer":2,"minecraft:bread":34,"minecraft:gravel":7,"minecraft:chainmail_boots":1,"minecraft:grindstone":1,"minecraft:smithing_table":4,"minecraft:oak_boat":14,"minecraft:coarse_dirt":8,"minecraft:bone_meal":100,"minecraft:experience_bottle":896,"minecraft:oak_trapdoor":5,"sophisticatedbackpacks:iron_backpack":1,"minecraft:enchanting_table":3,"minecraft:flint_and_steel":6,"minecraft:spruce_planks":10,"minecraft:cooked_chicken":2,"minecraft:netherrack":50,"minecraft:oak_door":18,"minecraft:orange_bed":1,"minecraft:torch":352,"minecraft:brewing_stand":2,"minecraft:dirt":207,"minecraft:anvil":1,"minecraft:granite":2,"minecraft:dark_oak_planks":20,"paraglider:horned_statue":2,"minecraft:bookshelf":29,"epicfight:iron_greatsword":122,"minecraft:iron_axe":695,"minecraft:iron_boots":1,"minecraft:bamboo":804,"alexscaves:spelunkery_table":1,"minecraft:glowstone":6,"minecraft:cooked_beef":36,"minecraft:cobbled_deepslate":11,"minecraft:enchanted_golden_apple":1,"minecraft:wheat_seeds":40,"minecraft:water_bucket":13,"minecraft:iron_ore":26,"minecraft:glass_bottle":21,"minecraft:baked_potato":141,"minecraft:fletching_table":9,"minecraft:polished_blackstone_bricks":18,"minecraft:oak_slab":217,"minecraft:lime_bed":2,"minecraft:crafting_table":2,"minecraft:red_bed":2,"minecraft:white_bed":7,"minecraft:campfire":2,"minecraft:smoker":2,"minecraft:oak_log":9,"minecraft:diamond_pickaxe":597,"minecraft:diamond_shovel":135,"minecraft:cracked_polished_blackstone_bricks":2,"minecraft:iron_pickaxe":319,"minecraft:spruce_sapling":8,"minecraft:potion":1,"minecraft:cobblestone":119,"minecraft:cooked_porkchop":1,"securitycraft:cage_trap":1,"minecraft:bucket":13,"minecraft:glass_pane":133,"minecraft:splash_potion":1},"minecraft:crafted":{"minecraft:oak_planks":3336,"minecraft:smooth_stone":3,"minecraft:chainmail_helmet":11,"minecraft:blaze_powder":8,"man:cassetteplayer":1,"minecraft:stone":17,"securitycraft:keypad_item":3,"minecraft:diamond_shovel":1,"sophisticatedbackpacks:crafting_upgrade":1,"minecraft:bookshelf":13,"minecraft:heavy_weighted_pressure_plate":3,"minecraft:iron_bars":16,"securitycraft:laser_block":1,"minecraft:glass":44,"minecraft:diamond_helmet":4,"minecraft:bow":4,"minecraft:diamond_leggings":3,"minecraft:iron_boots":10,"minecraft:chest":5,"minecraft:glass_bottle":3,"minecraft:oak_slab":270,"sophisticatedbackpacks:backpack":2,"minecraft:arrow":128,"minecraft:emerald":294,"minecraft:diamond_axe":1,"minecraft:crafting_table":3,"minecraft:spruce_planks":348,"minecraft:iron_helmet":2,"minecraft:chiseled_polished_blackstone":5,"minecraft:brewing_stand":1,"minecraft:birch_planks":360,"minecraft:campfire":2,"sophisticatedbackpacks:upgrade_base":1,"minecraft:iron_chestplate":1,"minecraft:book":16,"minecraft:diamond_pickaxe":1,"minecraft:yellow_dye":1,"minecraft:stick":8962,"minecraft:iron_ingot":185,"minecraft:iron_pickaxe":1,"minecraft:iron_block":3,"minecraft:gold_ingot":101,"securitycraft:sc_manual":1,"minecraft:shears":1,"securitycraft:universal_block_reinforcer_lvl1":1,"minecraft:oak_door":12,"epicfight:diamond_greatsword":2,"minecraft:redstone":36,"minecraft:stone_button":26,"minecraft:furnace":1,"minecraft:blast_furnace":1,"minecraft:bone_meal":291,"alexscaves:cave_map":5,"minecraft:glass_pane":64,"minecraft:oak_trapdoor":4,"minecraft:iron_axe":5,"minecraft:ladder":6,"securitycraft:universal_block_remover":1,"minecraft:stone_pickaxe":12,"epicfight:iron_greatsword":2,"minecraft:diamond_boots":3,"minecraft:redstone_block":1,"minecraft:dark_oak_planks":764,"minecraft:golden_helmet":2,"sophisticatedbackpacks:iron_backpack":3,"minecraft:enchanting_table":1,"securitycraft:taser":1,"minecraft:bucket":3,"minecraft:glowstone":9,"minecraft:bread":42,"minecraft:air":0,"minecraft:oak_boat":4,"minecraft:golden_apple":4,"minecraft:chainmail_boots":18,"minecraft:iron_shovel":2,"minecraft:iron_leggings":1,"minecraft:anvil":1,"minecraft:acacia_planks":88,"minecraft:torch":252,"minecraft:lapis_lazuli":18,"minecraft:diamond_chestplate":4},"minecraft:dropped":{"sophisticatedbackpacks:iron_backpack":1,"minecraft:diamond_axe":1,"minecraft:cooked_beef":16,"minecraft:baked_potato":20,"minecraft:diamond":5,"minecraft:warped_roots":3,"minecraft:leather":2,"iceandfire:ectoplasm":1,"minecraft:fletching_table":1,"minecraft:saddle":1,"minecraft:leather_helmet":1,"paraglider:spirit_orb":4,"minecraft:emerald":37,"minecraft:dirt":71,"gravestone:obituary":26,"minecraft:gilded_blackstone":2,"minecraft:gold_nugget":6,"alexscaves:cave_map":6,"minecraft:polished_blackstone_bricks":12,"minecraft:iron_pickaxe":2,"minecraft:gold_ingot":16,"minecraft:gravel":35,"minecraft:blackstone":27,"minecraft:iron_nugget":16,"minecraft:nether_brick":5,"minecraft:birch_sapling":1,"minecraft:obsidian":4,"minecraft:rotten_flesh":17,"minecraft:oak_planks":258,"minecraft:diamond_shovel":1,"minecraft:carrot":126,"iceandfire:ghost_chest":1,"minecraft:leather_leggings":1,"minecraft:arrow":16,"minecraft:enchanting_table":1,"minecraft:netherrack":42,"minecraft:water_bucket":2,"epicfight:diamond_greatsword":1,"minecraft:oak_slab":89,"minecraft:wheat_seeds":12,"minecraft:golden_helmet":1,"minecraft:bookshelf":2,"minecraft:diamond_leggings":3,"minecraft:cobblestone":13,"minecraft:iron_helmet":2,"minecraft:feather":1,"minecraft:granite":1,"minecraft:golden_apple":5,"minecraft:stick":24,"epicfight:iron_greatsword":3,"minecraft:diamond_helmet":2,"minecraft:iron_leggings":3,"minecraft:iron_axe":5,"securitycraft:sc_manual":2,"minecraft:iron_shovel":1,"minecraft:bucket":2,"minecraft:dandelion":1,"minecraft:furnace":1,"minecraft:blaze_rod":21,"iceandfire:witherbone":1,"minecraft:experience_bottle":448,"minecraft:iron_boots":2,"sophisticatedbackpacks:backpack":2,"minecraft:name_tag":5,"minecraft:totem_of_undying":3,"minecraft:flint_and_steel":1,"minecraft:filled_map":2,"iceandfire:dragon_ice":4,"securitycraft:universal_block_remover":1,"minecraft:potato":36,"minecraft:diamond_chestplate":3,"minecraft:spruce_planks":1,"minecraft:diamond_pickaxe":2,"minecraft:iron_chestplate":2,"minecraft:oak_sapling":1,"minecraft:oak_boat":2,"minecraft:golden_sword":1,"minecraft:stone_bricks":4,"minecraft:bamboo":1,"minecraft:diamond_boots":1,"sophisticatedbackpacks:copper_backpack":1,"minecraft:bow":1,"minecraft:stone_pickaxe":14,"iceandfire:dragon_skull_lightning":2,"epicfight:skillbook":8},"minecraft:picked_up":{"minecraft:wheat":39,"minecraft:redstone_block":14,"minecraft:smithing_table":3,"minecraft:potion":2,"minecraft:gilded_blackstone":2,"minecraft:nether_brick":5,"minecraft:brewing_stand":1,"minecraft:golden_sword":1,"iceandfire:manuscript":4,"paraglider:goddess_statue":3,"minecraft:string":3,"minecraft:raw_copper":3,"minecraft:experience_bottle":448,"minecraft:diamond_leggings":1,"minecraft:gold_nugget":290,"minecraft:cobbled_deepslate":70,"minecraft:spruce_planks":3,"minecraft:iron_pickaxe":1,"minecraft:furnace":1,"minecraft:iron_boots":1,"minecraft:stick":61,"minecraft:oak_fence":2,"minecraft:torch":89,"iceandfire:dragonscales_white":24,"minecraft:acacia_log":22,"epicfight:skillbook":1,"minecraft:diorite":6,"minecraft:rotten_flesh":55,"iceandfire:fire_dragon_heart":1,"minecraft:glowstone":6,"minecraft:bookshelf":2,"man:cassetteplayer":2,"minecraft:blaze_rod":42,"minecraft:obsidian":21,"minecraft:cobblestone":223,"paraglider:paraglider":1,"minecraft:birch_log":5,"minecraft:enchanting_table":3,"minecraft:feather":6,"minecraft:magma_cream":3,"minecraft:andesite":4,"minecraft:potato":4,"minecraft:smoker":1,"securitycraft:cage_trap":1,"minecraft:flint":6,"minecraft:tuff":7,"minecraft:lapis_lazuli":78,"minecraft:dirt":572,"minecraft:lantern":1,"securitycraft:reinforced_stone_button":26,"minecraft:glass":175,"minecraft:bone":20,"minecraft:bow":2,"minecraft:wheat_seeds":126,"minecraft:raw_gold":31,"minecraft:fletching_table":8,"minecraft:diamond_helmet":1,"minecraft:glowstone_dust":18,"minecraft:bamboo":1014,"minecraft:oak_planks":555,"minecraft:chiseled_polished_blackstone":1,"iceandfire:dragon_skull_fire":1,"minecraft:sand":19,"minecraft:stripped_spruce_log":1,"sophisticatedbackpacks:iron_backpack":1,"minecraft:spectral_arrow":35,"minecraft:dark_oak_log":127,"minecraft:mossy_cobblestone":1,"minecraft:diamond":9,"iceandfire:dragon_ice":8,"minecraft:cracked_polished_blackstone_bricks":2,"minecraft:granite":3,"minecraft:emerald":31,"minecraft:oak_sapling":27,"minecraft:netherrack":213,"iceandfire:raw_silver":5,"minecraft:diamond_pickaxe":1,"iceandfire:dragon_skull_lightning":5,"minecraft:charcoal":4,"minecraft:coarse_dirt":8,"minecraft:splash_potion":1,"iceandfire:witherbone":5,"minecraft:nether_wart":24,"minecraft:clay_ball":16,"minecraft:leather_leggings":1,"minecraft:gold_block":18,"gravestone:obituary":16,"minecraft:cornflower":1,"minecraft:oak_trapdoor":1,"minecraft:iron_axe":2,"minecraft:flint_and_steel":1,"minecraft:glass_pane":5,"minecraft:item_frame":1,"minecraft:blackstone":77,"iceandfire:ghost_ingot":1,"iceandfire:graveyard_soil":3,"minecraft:oak_boat":15,"minecraft:iron_nugget":37,"minecraft:poppy":2,"minecraft:birch_sapling":1,"minecraft:phantom_membrane":4,"iceandfire:ice_dragon_heart":1,"minecraft:egg":2,"minecraft:dark_oak_sapling":30,"minecraft:raw_iron":95,"iceandfire:dragonbone":66,"iceandfire:dragonscales_gray":20,"minecraft:stone":991,"iceandfire:troll_tusk":2,"minecraft:oak_door":2,"sophisticatedbackpacks:backpack":1,"minecraft:polished_blackstone_bricks":30,"minecraft:carrot":132,"minecraft:redstone":40,"iceandfire:dragon_skull_ice":3,"minecraft:tnt":1,"iceandfire:cyclops_eye":1,"minecraft:arrow":12,"minecraft:diamond_chestplate":1,"minecraft:cooked_cod":1,"minecraft:totem_of_undying":1,"minecraft:gold_ingot":1,"sophisticatedbackpacks:copper_backpack":2,"paraglider:horned_statue":2,"minecraft:mutton":10,"minecraft:bone_block":56,"minecraft:rail":1,"minecraft:stripped_oak_log":1,"minecraft:lime_bed":1,"minecraft:leather":7,"minecraft:red_mushroom":1,"minecraft:filled_map":1,"securitycraft:sc_manual":2,"minecraft:oak_log":197,"iceandfire:ectoplasm":5,"minecraft:gunpowder":5,"minecraft:paper":51,"man:cassette_1safetyinstructions":1,"minecraft:apple":4,"minecraft:stone_bricks":4,"minecraft:iron_ingot":5,"minecraft:stone_pickaxe":2,"minecraft:cooked_chicken":3,"minecraft:iron_ore":2,"minecraft:soul_sand":26,"minecraft:book":24,"minecraft:oak_slab":207,"minecraft:warped_fungus":1,"iceandfire:ash":2,"minecraft:dandelion":2,"minecraft:gravel":35,"minecraft:spruce_sapling":8,"minecraft:white_bed":6,"minecraft:spruce_log":86,"minecraft:crying_obsidian":4,"minecraft:spider_eye":1,"minecraft:leather_helmet":1,"minecraft:diamond_shovel":1,"minecraft:coal_ore":18,"minecraft:warped_roots":3,"alexscaves:cave_map":6,"minecraft:baked_potato":1,"minecraft:coal":23,"minecraft:ender_pearl":1},"minecraft:broken":{"minecraft:golden_helmet":1,"minecraft:diamond_helmet":1,"minecraft:diamond_boots":1,"minecraft:iron_axe":2},"minecraft:killed_by":{"minecraft:zombified_piglin":1,"sanitydim:rotting_stalker":1,"man:managgresive":2,"minecraft:player":8,"cave_dweller:cave_dweller":1},"minecraft:custom":{"minecraft:animals_bred":3,"minecraft:interact_with_crafting_table":86,"minecraft:open_barrel":5,"minecraft:bell_ring":1,"minecraft:leave_game":10,"minecraft:time_since_death":27206,"minecraft:damage_resisted":198,"minecraft:sprint_one_cm":2364919,"minecraft:drop":237,"minecraft:play_noteblock":3,"minecraft:talked_to_villager":159,"minecraft:play_time":926469,"minecraft:deaths":14,"minecraft:jump":10583,"minecraft:interact_with_brewingstand":49,"minecraft:walk_on_water_one_cm":65109,"minecraft:enchant_item":17,"minecraft:interact_with_furnace":19,"minecraft:traded_with_villager":415,"minecraft:interact_with_loom":45,"minecraft:sleep_in_bed":29,"minecraft:damage_dealt":31170,"minecraft:player_kills":5,"minecraft:crouch_one_cm":110983,"minecraft:interact_with_smoker":12,"minecraft:interact_with_smithing_table":1,"minecraft:interact_with_anvil":2,"minecraft:mob_kills":174,"minecraft:damage_dealt_resisted":448,"minecraft:climb_one_cm":47220,"minecraft:walk_one_cm":4211782,"minecraft:damage_dealt_absorbed":583,"minecraft:sneak_time":32657,"minecraft:walk_under_water_one_cm":48575,"minecraft:boat_one_cm":104563,"minecraft:interact_with_blast_furnace":25,"minecraft:total_world_time":926469,"minecraft:tune_noteblock":2,"minecraft:interact_with_grindstone":5,"minecraft:time_since_rest":27245,"minecraft:damage_absorbed":613,"minecraft:damage_taken":12087,"minecraft:trigger_trapped_chest":1,"minecraft:swim_one_cm":52064,"minecraft:fly_one_cm":4896641,"minecraft:open_chest":796,"minecraft:fall_one_cm":166121},"minecraft:killed":{"minecraft:cave_spider":1,"minecraft:witch":1,"minecraft:zombified_piglin":7,"minecraft:spider":4,"minecraft:skeleton":15,"minecraft:piglin_brute":6,"minecraft:magma_cube":15,"minecraft:piglin":2,"minecraft:creeper":7,"iceandfire:cockatrice":1,"minecraft:zombie":39,"minecraft:ghast":2,"cave_dweller:cave_dweller":1,"minecraft:blaze":53,"iceandfire:fire_dragon":1,"minecraft:drowned":1,"minecraft:hoglin":1,"iceandfire:ghost":6,"iceandfire:ice_dragon":1,"minecraft:wither_skeleton":3,"minecraft:enderman":1},"minecraft:mined":{"minecraft:large_amethyst_bud":2,"minecraft:spruce_planks":3,"minecraft:oak_sapling":2,"minecraft:white_bed":4,"iceandfire:graveyard_soil":10,"minecraft:brewing_stand":1,"man:cassetteplayer":2,"minecraft:obsidian":23,"minecraft:granite":5,"minecraft:chiseled_polished_blackstone":1,"minecraft:acacia_log":23,"minecraft:grass_block":249,"sophisticatedbackpacks:iron_backpack":1,"minecraft:cracked_polished_blackstone_bricks":7,"minecraft:soul_soil":9,"minecraft:nether_wart":8,"minecraft:gilded_blackstone":1,"minecraft:spawner":1,"minecraft:polished_blackstone_bricks":35,"minecraft:glowstone":6,"minecraft:iron_ore":23,"minecraft:cobbled_deepslate":5,"minecraft:fire":59,"minecraft:deepslate_lapis_ore":10,"minecraft:fletching_table":9,"minecraft:enchanting_table":3,"iceandfire:gold_pile":26,"minecraft:dirt_path":11,"minecraft:blackstone":24,"minecraft:smoker":1,"minecraft:clay":4,"minecraft:torch":47,"minecraft:glass":6,"minecraft:cobblestone":28,"minecraft:oak_planks":97,"minecraft:wall_torch":21,"minecraft:deepslate_copper_ore":1,"minecraft:warped_nylium":35,"minecraft:birch_log":5,"paraglider:horned_statue":1,"minecraft:wheat":40,"minecraft:warped_fungus":1,"minecraft:tnt":1,"minecraft:grass":54,"minecraft:oak_log":183,"minecraft:dark_oak_sapling":9,"minecraft:sand":17,"minecraft:dirt":124,"minecraft:netherrack":301,"minecraft:oak_leaves":43,"minecraft:deepslate":75,"minecraft:tuff":10,"iceandfire:silver_ore":4,"minecraft:mossy_cobblestone":1,"minecraft:dark_oak_leaves":16,"minecraft:deepslate_diamond_ore":9,"minecraft:oak_door":2,"minecraft:dark_oak_log":123,"gravestone:gravestone":13,"minecraft:chiseled_bookshelf":4,"iceandfire:deepslate_silver_ore":1,"minecraft:spruce_leaves":26,"minecraft:oak_trapdoor":1,"minecraft:spruce_sapling":2,"minecraft:carrots":1,"minecraft:nether_sprouts":2,"minecraft:andesite":3,"minecraft:stripped_spruce_log":1,"minecraft:gold_block":20,"minecraft:bookshelf":8,"minecraft:deepslate_iron_ore":60,"minecraft:vine":1,"minecraft:rail":1,"minecraft:stripped_oak_log":1,"minecraft:bamboo_sapling":2,"minecraft:bamboo":73,"minecraft:stone":102,"minecraft:bone_block":56,"minecraft:smithing_table":2,"minecraft:oak_slab":64,"minecraft:acacia_leaves":2,"minecraft:soul_sand":42,"minecraft:dandelion":1,"minecraft:cornflower":1,"minecraft:warped_roots":2,"minecraft:sculk_sensor":2,"minecraft:campfire":2,"minecraft:tall_grass":9,"minecraft:deepslate_gold_ore":31,"minecraft:sculk":5,"minecraft:diorite":6,"minecraft:lime_bed":1,"minecraft:coarse_dirt":11,"minecraft:spruce_log":84,"minecraft:birch_leaves":2,"minecraft:coal_ore":16,"minecraft:gravel":8,"minecraft:fern":1,"paraglider:goddess_statue":3}},"DataVersion":3465}