{"stats":{"minecraft:killed":{"minecraft:cave_spider":1,"minecraft:witch":1,"minecraft:zombified_piglin":7,"minecraft:spider":4,"minecraft:skeleton":16,"minecraft:piglin_brute":6,"minecraft:magma_cube":15,"minecraft:piglin":2,"minecraft:creeper":7,"iceandfire:cockatrice":1,"minecraft:zombie":39,"minecraft:ghast":2,"cave_dweller:cave_dweller":1,"minecraft:blaze":53,"minecraft:phantom":10,"iceandfire:fire_dragon":1,"minecraft:drowned":1,"minecraft:hoglin":1,"iceandfire:ghost":6,"iceandfire:ice_dragon":1,"minecraft:wither_skeleton":3,"minecraft:enderman":1},"minecraft:dropped":{"sophisticatedbackpacks:iron_backpack":2,"minecraft:diamond_axe":1,"minecraft:cooked_beef":16,"minecraft:baked_potato":20,"minecraft:diamond":9,"minecraft:warped_roots":3,"minecraft:leather":2,"iceandfire:ectoplasm":3,"minecraft:fletching_table":1,"minecraft:saddle":1,"minecraft:leather_helmet":1,"minecraft:emerald":37,"paraglider:spirit_orb":4,"minecraft:cod":3,"minecraft:dirt":71,"gravestone:obituary":26,"alexscaves:cave_map":8,"minecraft:gold_nugget":6,"minecraft:gilded_blackstone":2,"minecraft:polished_blackstone_bricks":12,"minecraft:iron_pickaxe":2,"minecraft:gold_ingot":16,"minecraft:oak_door":1,"minecraft:gravel":35,"minecraft:blackstone":27,"minecraft:iron_nugget":16,"minecraft:cobbled_deepslate":1112,"minecraft:nether_brick":5,"minecraft:birch_sapling":1,"minecraft:obsidian":4,"minecraft:rotten_flesh":17,"minecraft:oak_planks":264,"minecraft:diamond_shovel":1,"minecraft:carrot":185,"iceandfire:ghost_chest":1,"alexscaves:cave_book":1,"minecraft:leather_leggings":1,"minecraft:arrow":16,"minecraft:netherrack":42,"minecraft:enchanting_table":2,"epicfight:diamond_greatsword":1,"minecraft:water_bucket":2,"minecraft:oak_slab":89,"minecraft:wheat_seeds":12,"minecraft:golden_helmet":1,"minecraft:bookshelf":2,"minecraft:diamond_leggings":3,"minecraft:iron_helmet":2,"minecraft:feather":1,"minecraft:cobblestone":18,"minecraft:book":2,"minecraft:granite":1,"minecraft:golden_apple":5,"minecraft:stick":24,"minecraft:cherry_planks":8,"epicfight:iron_greatsword":3,"minecraft:diamond_helmet":2,"minecraft:iron_leggings":3,"minecraft:iron_axe":6,"securitycraft:sc_manual":2,"minecraft:iron_shovel":1,"minecraft:bucket":2,"minecraft:spruce_sapling":1,"minecraft:dandelion":1,"minecraft:furnace":1,"minecraft:blaze_rod":21,"minecraft:tuff":27,"minecraft:raw_iron":5,"minecraft:experience_bottle":448,"iceandfire:witherbone":1,"minecraft:iron_boots":2,"alexscaves:cave_codex":1,"sophisticatedbackpacks:backpack":2,"minecraft:name_tag":5,"minecraft:totem_of_undying":3,"minecraft:flint_and_steel":2,"minecraft:filled_map":2,"iceandfire:dragon_ice":4,"securitycraft:universal_block_remover":1,"minecraft:potato":36,"minecraft:diamond_chestplate":3,"minecraft:spruce_planks":1,"minecraft:diamond_pickaxe":3,"minecraft:iron_chestplate":2,"minecraft:oak_boat":3,"minecraft:oak_sapling":1,"minecraft:golden_sword":1,"minecraft:spider_eye":1,"minecraft:stone_bricks":4,"minecraft:bamboo":1,"minecraft:diamond_boots":1,"sophisticatedbackpacks:copper_backpack":2,"minecraft:bow":1,"minecraft:stone_pickaxe":14,"iceandfire:dragon_skull_lightning":2,"epicfight:skillbook":8},"minecraft:picked_up":{"minecraft:wheat":79,"minecraft:redstone_block":14,"minecraft:smithing_table":3,"minecraft:potion":2,"minecraft:gilded_blackstone":2,"minecraft:nether_brick":5,"minecraft:brewing_stand":1,"minecraft:golden_sword":1,"iceandfire:manuscript":4,"paraglider:goddess_statue":3,"minecraft:string":3,"minecraft:raw_copper":3,"minecraft:experience_bottle":448,"minecraft:diamond_leggings":1,"minecraft:gold_nugget":290,"minecraft:cobbled_deepslate":2222,"minecraft:spruce_planks":9,"minecraft:iron_pickaxe":1,"minecraft:iron_boots":1,"minecraft:furnace":1,"minecraft:stick":148,"minecraft:oak_fence":2,"minecraft:torch":112,"minecraft:acacia_log":22,"iceandfire:dragonscales_white":24,"epicfight:skillbook":1,"minecraft:cherry_log":3,"minecraft:diorite":6,"minecraft:rotten_flesh":55,"iceandfire:fire_dragon_heart":1,"minecraft:glowstone":6,"minecraft:bookshelf":2,"man:cassetteplayer":2,"minecraft:blaze_rod":42,"minecraft:obsidian":21,"minecraft:cod":3,"minecraft:cobblestone":223,"paraglider:paraglider":1,"minecraft:birch_log":5,"minecraft:enchanting_table":4,"minecraft:feather":6,"minecraft:magma_cream":3,"minecraft:cherry_planks":9,"minecraft:andesite":4,"minecraft:smoker":1,"minecraft:potato":192,"securitycraft:cage_trap":1,"minecraft:flint":9,"minecraft:tuff":109,"minecraft:lapis_lazuli":78,"minecraft:dirt":605,"minecraft:lantern":1,"securitycraft:reinforced_stone_button":26,"minecraft:glass":175,"minecraft:bone":21,"minecraft:bow":2,"minecraft:wheat_seeds":237,"minecraft:raw_gold":43,"minecraft:fletching_table":8,"minecraft:diamond_helmet":1,"minecraft:glowstone_dust":18,"minecraft:bamboo":1014,"minecraft:oak_planks":573,"minecraft:chiseled_polished_blackstone":1,"minecraft:poisonous_potato":1,"iceandfire:dragon_skull_fire":1,"minecraft:sand":19,"minecraft:stripped_spruce_log":1,"sophisticatedbackpacks:iron_backpack":2,"minecraft:grass_block":1,"minecraft:spectral_arrow":35,"minecraft:dark_oak_log":127,"minecraft:mossy_cobblestone":1,"minecraft:diamond":50,"iceandfire:dragon_ice":8,"minecraft:cracked_polished_blackstone_bricks":2,"minecraft:granite":3,"minecraft:emerald":31,"minecraft:oak_sapling":145,"minecraft:netherrack":213,"iceandfire:raw_silver":5,"minecraft:diamond_pickaxe":2,"iceandfire:dragon_skull_lightning":5,"minecraft:charcoal":4,"minecraft:coarse_dirt":8,"minecraft:splash_potion":1,"iceandfire:witherbone":5,"minecraft:nether_wart":65,"minecraft:clay_ball":16,"minecraft:leather_leggings":1,"minecraft:gold_block":18,"gravestone:obituary":16,"minecraft:cornflower":1,"alexscaves:cave_codex":1,"minecraft:oak_trapdoor":1,"minecraft:iron_axe":3,"minecraft:flint_and_steel":1,"minecraft:item_frame":1,"minecraft:blackstone":77,"minecraft:glass_pane":5,"iceandfire:ghost_ingot":1,"iceandfire:graveyard_soil":3,"minecraft:oak_boat":15,"minecraft:iron_nugget":37,"minecraft:poppy":2,"minecraft:lectern":23,"minecraft:birch_sapling":1,"minecraft:phantom_membrane":6,"iceandfire:ice_dragon_heart":1,"minecraft:egg":2,"minecraft:dark_oak_sapling":30,"minecraft:raw_iron":114,"iceandfire:dragonbone":66,"iceandfire:dragonscales_gray":20,"minecraft:stone":991,"iceandfire:troll_tusk":2,"minecraft:oak_door":2,"sophisticatedbackpacks:backpack":1,"minecraft:polished_blackstone_bricks":30,"minecraft:carrot":328,"minecraft:redstone":160,"iceandfire:dragon_skull_ice":3,"minecraft:tnt":1,"minecraft:arrow":12,"iceandfire:cyclops_eye":1,"minecraft:diamond_chestplate":1,"minecraft:cooked_cod":1,"minecraft:gold_ingot":1,"minecraft:totem_of_undying":1,"sophisticatedbackpacks:copper_backpack":3,"paraglider:horned_statue":2,"minecraft:mutton":10,"minecraft:bone_block":56,"minecraft:rail":1,"minecraft:stripped_oak_log":1,"minecraft:lime_bed":1,"minecraft:leather":7,"minecraft:red_mushroom":1,"minecraft:filled_map":1,"securitycraft:sc_manual":2,"minecraft:oak_log":477,"iceandfire:ectoplasm":5,"minecraft:gunpowder":5,"minecraft:paper":51,"man:cassette_1safetyinstructions":1,"minecraft:apple":16,"minecraft:stone_bricks":4,"minecraft:iron_ingot":5,"minecraft:stone_pickaxe":2,"minecraft:cooked_chicken":3,"minecraft:iron_ore":2,"minecraft:soul_sand":26,"minecraft:book":24,"minecraft:oak_slab":208,"minecraft:warped_fungus":1,"iceandfire:ash":2,"minecraft:dandelion":2,"minecraft:gravel":35,"minecraft:spruce_sapling":10,"minecraft:white_bed":6,"minecraft:spruce_log":92,"minecraft:crying_obsidian":4,"minecraft:spider_eye":2,"minecraft:leather_helmet":1,"minecraft:diamond_shovel":1,"minecraft:coal_ore":18,"minecraft:cherry_sapling":3,"minecraft:warped_roots":3,"alexscaves:cave_map":6,"minecraft:baked_potato":1,"minecraft:coal":44,"minecraft:ender_pearl":1},"minecraft:mined":{"minecraft:large_amethyst_bud":2,"minecraft:spruce_planks":11,"minecraft:oak_sapling":7,"minecraft:white_bed":4,"iceandfire:graveyard_soil":10,"minecraft:cherry_log":1,"minecraft:brewing_stand":1,"man:cassetteplayer":2,"minecraft:obsidian":23,"minecraft:granite":5,"minecraft:chiseled_polished_blackstone":1,"minecraft:acacia_log":23,"minecraft:grass_block":249,"sophisticatedbackpacks:iron_backpack":1,"minecraft:cracked_polished_blackstone_bricks":7,"minecraft:soul_soil":9,"minecraft:nether_wart":23,"minecraft:spawner":1,"minecraft:gilded_blackstone":1,"minecraft:polished_blackstone_bricks":35,"minecraft:glowstone":6,"minecraft:iron_ore":25,"minecraft:fire":114,"minecraft:cobbled_deepslate":5,"minecraft:deepslate_lapis_ore":10,"minecraft:fletching_table":9,"minecraft:enchanting_table":4,"minecraft:sculk_shrieker":1,"iceandfire:gold_pile":26,"minecraft:dirt_path":11,"minecraft:spruce_slab":1,"minecraft:deepslate_redstone_ore":12,"minecraft:blackstone":24,"minecraft:smoker":1,"minecraft:clay":4,"minecraft:torch":51,"minecraft:glass":6,"minecraft:cobblestone":28,"minecraft:oak_planks":116,"minecraft:wall_torch":27,"minecraft:deepslate_copper_ore":1,"minecraft:warped_nylium":35,"minecraft:birch_log":5,"paraglider:horned_statue":1,"minecraft:wheat":80,"minecraft:warped_fungus":1,"minecraft:tnt":1,"minecraft:grass":57,"minecraft:oak_log":463,"minecraft:dark_oak_sapling":9,"minecraft:sand":17,"minecraft:dirt":160,"minecraft:netherrack":301,"minecraft:oak_leaves":127,"minecraft:deepslate":2430,"minecraft:tuff":111,"iceandfire:silver_ore":4,"minecraft:mossy_cobblestone":1,"minecraft:dark_oak_leaves":16,"minecraft:deepslate_diamond_ore":34,"minecraft:oak_door":2,"minecraft:dark_oak_log":123,"gravestone:gravestone":13,"minecraft:chiseled_bookshelf":4,"iceandfire:deepslate_silver_ore":1,"minecraft:spruce_leaves":28,"minecraft:acacia_slab":1,"minecraft:oak_trapdoor":1,"minecraft:spruce_sapling":2,"minecraft:carrots":52,"minecraft:nether_sprouts":2,"minecraft:andesite":3,"minecraft:stripped_spruce_log":1,"minecraft:gold_block":20,"minecraft:bookshelf":8,"minecraft:potatoes":51,"minecraft:deepslate_iron_ore":69,"minecraft:vine":1,"minecraft:rail":1,"minecraft:stripped_oak_log":1,"minecraft:bamboo_sapling":2,"minecraft:bamboo":73,"minecraft:stone":102,"minecraft:bone_block":56,"minecraft:smithing_table":2,"minecraft:oak_slab":65,"minecraft:acacia_leaves":2,"minecraft:cherry_planks":1,"minecraft:soul_sand":42,"minecraft:dandelion":1,"minecraft:cornflower":1,"minecraft:warped_roots":2,"minecraft:campfire":2,"minecraft:sculk_sensor":4,"minecraft:lectern":23,"minecraft:tall_grass":11,"minecraft:deepslate_gold_ore":37,"minecraft:sculk":5,"minecraft:diorite":6,"minecraft:lime_bed":1,"minecraft:coarse_dirt":11,"minecraft:spruce_log":89,"minecraft:birch_leaves":2,"minecraft:coal_ore":29,"minecraft:gravel":11,"minecraft:fern":1,"paraglider:goddess_statue":3},"minecraft:killed_by":{"minecraft:zombified_piglin":1,"sanitydim:rotting_stalker":1,"man:managgresive":2,"minecraft:player":8,"cave_dweller:cave_dweller":1},"minecraft:broken":{"minecraft:golden_helmet":1,"minecraft:diamond_helmet":1,"minecraft:diamond_boots":1,"minecraft:iron_axe":3},"minecraft:crafted":{"minecraft:smooth_stone":3,"minecraft:oak_planks":3636,"minecraft:chainmail_helmet":11,"minecraft:blaze_powder":8,"man:cassetteplayer":1,"minecraft:stone":17,"minecraft:diamond_shovel":1,"sophisticatedbackpacks:crafting_upgrade":1,"securitycraft:keypad_item":3,"minecraft:bookshelf":14,"minecraft:heavy_weighted_pressure_plate":3,"minecraft:iron_bars":16,"securitycraft:laser_block":1,"minecraft:glass":44,"minecraft:diamond_helmet":4,"minecraft:bow":4,"minecraft:diamond_leggings":3,"minecraft:iron_boots":10,"minecraft:chest":5,"minecraft:stone_hoe":1,"minecraft:glass_bottle":3,"minecraft:oak_slab":276,"sophisticatedbackpacks:backpack":2,"minecraft:arrow":176,"minecraft:emerald":347,"minecraft:diamond_axe":1,"minecraft:crafting_table":4,"minecraft:spruce_planks":356,"minecraft:iron_helmet":2,"minecraft:baked_potato":147,"minecraft:chiseled_polished_blackstone":5,"minecraft:brewing_stand":1,"minecraft:birch_planks":360,"minecraft:campfire":2,"sophisticatedbackpacks:upgrade_base":1,"minecraft:lectern":1,"minecraft:iron_chestplate":1,"minecraft:book":16,"minecraft:diamond_pickaxe":1,"minecraft:yellow_dye":1,"minecraft:stick":9614,"minecraft:iron_ingot":191,"minecraft:iron_pickaxe":1,"minecraft:iron_block":3,"minecraft:gold_ingot":101,"securitycraft:sc_manual":1,"minecraft:shears":1,"securitycraft:universal_block_reinforcer_lvl1":1,"minecraft:cherry_planks":8,"minecraft:oak_door":12,"epicfight:diamond_greatsword":2,"minecraft:redstone":36,"minecraft:coal":18,"minecraft:furnace":1,"minecraft:stone_button":26,"minecraft:blast_furnace":1,"minecraft:bone_meal":291,"alexscaves:cave_map":6,"minecraft:glass_pane":64,"minecraft:oak_trapdoor":4,"minecraft:iron_axe":6,"securitycraft:universal_block_remover":1,"minecraft:ladder":6,"minecraft:stone_pickaxe":12,"epicfight:iron_greatsword":2,"minecraft:diamond_boots":3,"minecraft:redstone_block":1,"minecraft:dark_oak_planks":764,"minecraft:golden_helmet":2,"sophisticatedbackpacks:iron_backpack":3,"minecraft:enchanting_table":1,"securitycraft:taser":1,"sophisticatedbackpacks:gold_backpack":1,"minecraft:bucket":3,"minecraft:glowstone":9,"minecraft:enchanted_book":1,"minecraft:air":0,"minecraft:bread":42,"minecraft:oak_boat":4,"minecraft:golden_apple":4,"minecraft:chainmail_boots":18,"minecraft:iron_shovel":2,"minecraft:iron_leggings":1,"minecraft:anvil":1,"minecraft:acacia_planks":88,"minecraft:torch":280,"minecraft:lapis_lazuli":25,"minecraft:diamond_chestplate":4},"minecraft:custom":{"minecraft:animals_bred":5,"minecraft:interact_with_crafting_table":101,"minecraft:open_barrel":5,"minecraft:bell_ring":1,"minecraft:leave_game":12,"minecraft:time_since_death":338655,"minecraft:damage_resisted":198,"minecraft:sprint_one_cm":3397330,"minecraft:drop":289,"minecraft:play_noteblock":6,"minecraft:talked_to_villager":209,"minecraft:play_time":1237918,"minecraft:deaths":14,"minecraft:jump":14747,"minecraft:interact_with_brewingstand":49,"minecraft:walk_on_water_one_cm":81747,"minecraft:enchant_item":17,"minecraft:interact_with_furnace":22,"minecraft:traded_with_villager":479,"minecraft:interact_with_loom":45,"minecraft:sleep_in_bed":29,"minecraft:damage_dealt":32478,"minecraft:player_kills":5,"minecraft:crouch_one_cm":141782,"minecraft:interact_with_smoker":17,"minecraft:interact_with_smithing_table":1,"minecraft:interact_with_anvil":3,"minecraft:mob_kills":187,"minecraft:damage_dealt_resisted":448,"minecraft:climb_one_cm":53448,"minecraft:walk_one_cm":5256272,"minecraft:damage_dealt_absorbed":583,"minecraft:sneak_time":41277,"minecraft:walk_under_water_one_cm":64903,"minecraft:boat_one_cm":104563,"minecraft:interact_with_blast_furnace":32,"minecraft:total_world_time":1237918,"minecraft:tune_noteblock":10,"minecraft:interact_with_stonecutter":1,"minecraft:interact_with_grindstone":8,"minecraft:time_since_rest":338694,"minecraft:damage_absorbed":613,"minecraft:damage_taken":12635,"minecraft:trigger_trapped_chest":1,"minecraft:swim_one_cm":52064,"minecraft:fly_one_cm":7129662,"minecraft:open_chest":920,"minecraft:fall_one_cm":205636},"minecraft:used":{"minecraft:iron_shovel":334,"iceandfire:dragon_skull_ice":1,"minecraft:ladder":5,"minecraft:chest":18,"minecraft:stone":1067,"minecraft:nether_wart":38,"paraglider:goddess_statue":3,"minecraft:soul_sand":15,"securitycraft:keypad_item":3,"minecraft:carrot":180,"minecraft:obsidian":12,"minecraft:glass":300,"minecraft:lantern":1,"minecraft:iron_helmet":1,"epicfight:diamond_greatsword":197,"minecraft:item_frame":1,"minecraft:bow":166,"minecraft:oak_sapling":80,"minecraft:cooked_cod":1,"minecraft:potato":55,"minecraft:dark_oak_sapling":22,"minecraft:chiseled_polished_blackstone":1,"epicfight:skillbook":11,"minecraft:diorite":6,"minecraft:stone_pickaxe":2,"minecraft:oak_planks":779,"minecraft:blackstone":49,"minecraft:chainmail_helmet":1,"minecraft:diamond_axe":58,"minecraft:golden_apple":12,"minecraft:sand":2,"alexscaves:cave_book":17,"minecraft:blast_furnace":2,"securitycraft:universal_block_remover":1,"man:cassetteplayer":2,"minecraft:bread":42,"minecraft:lectern":24,"minecraft:gravel":8,"minecraft:chainmail_boots":1,"minecraft:grindstone":1,"minecraft:smithing_table":4,"minecraft:oak_boat":14,"minecraft:coarse_dirt":8,"minecraft:bone_meal":143,"minecraft:experience_bottle":896,"minecraft:oak_trapdoor":5,"sophisticatedbackpacks:iron_backpack":1,"minecraft:enchanting_table":3,"minecraft:flint_and_steel":61,"minecraft:spruce_planks":18,"minecraft:stone_hoe":7,"minecraft:cooked_chicken":2,"minecraft:netherrack":50,"minecraft:oak_door":18,"minecraft:orange_bed":1,"minecraft:dirt":242,"minecraft:torch":443,"minecraft:brewing_stand":2,"minecraft:anvil":1,"minecraft:granite":2,"minecraft:dark_oak_planks":20,"paraglider:horned_statue":2,"minecraft:bookshelf":29,"epicfight:iron_greatsword":122,"minecraft:iron_axe":1084,"minecraft:iron_boots":1,"minecraft:bamboo":804,"minecraft:glowstone":6,"alexscaves:spelunkery_table":1,"minecraft:cooked_beef":36,"minecraft:cobbled_deepslate":27,"minecraft:enchanted_golden_apple":1,"minecraft:wheat_seeds":80,"minecraft:water_bucket":15,"minecraft:iron_ore":26,"minecraft:glass_bottle":21,"minecraft:baked_potato":170,"minecraft:cherry_planks":1,"minecraft:fletching_table":9,"minecraft:polished_blackstone_bricks":18,"minecraft:lime_bed":2,"minecraft:crafting_table":3,"minecraft:oak_slab":221,"minecraft:red_bed":2,"minecraft:white_bed":7,"minecraft:campfire":2,"minecraft:smoker":2,"minecraft:oak_log":9,"minecraft:diamond_pickaxe":3130,"minecraft:apple":1,"minecraft:diamond_shovel":173,"minecraft:cracked_polished_blackstone_bricks":2,"minecraft:iron_pickaxe":319,"minecraft:spruce_sapling":8,"minecraft:cobblestone":119,"minecraft:potion":1,"minecraft:cooked_porkchop":1,"securitycraft:cage_trap":1,"minecraft:bucket":16,"minecraft:glass_pane":133,"minecraft:splash_potion":1}},"DataVersion":3465}