{"stats":{"minecraft:killed":{"minecraft:spider":1},"minecraft:crafted":{"minecraft:oak_door":3,"minecraft:oak_slab":18,"minecraft:oak_planks":1752,"minecraft:chainmail_helmet":11,"minecraft:emerald":75,"minecraft:crafting_table":2,"minecraft:iron_helmet":2,"minecraft:birch_planks":340,"alexscaves:cave_map":2,"minecraft:air":0,"minecraft:oak_boat":2,"minecraft:glass":17,"minecraft:diamond_helmet":1,"minecraft:diamond_leggings":1,"minecraft:iron_boots":10,"minecraft:iron_chestplate":1,"minecraft:stick":2636,"minecraft:chainmail_boots":18,"minecraft:iron_ingot":60,"epicfight:iron_greatsword":2,"minecraft:diamond_boots":2,"minecraft:iron_leggings":1,"minecraft:iron_shovel":2,"minecraft:torch":32},"minecraft:dropped":{"minecraft:water_bucket":2,"minecraft:wheat_seeds":7,"minecraft:cooked_beef":16,"minecraft:diamond":5,"minecraft:iron_helmet":2,"minecraft:oak_planks":192,"minecraft:iron_boots":2,"minecraft:fletching_table":1,"minecraft:totem_of_undying":3,"minecraft:carrot":30,"minecraft:stick":2,"minecraft:potato":32,"minecraft:dirt":64,"minecraft:iron_chestplate":2,"minecraft:oak_boat":1,"epicfight:iron_greatsword":3,"minecraft:iron_leggings":2,"minecraft:diamond_boots":1,"minecraft:iron_axe":2,"minecraft:iron_pickaxe":2,"minecraft:iron_shovel":1},"minecraft:custom":{"minecraft:interact_with_furnace":8,"minecraft:mob_kills":1,"minecraft:traded_with_villager":118,"minecraft:interact_with_crafting_table":18,"minecraft:leave_game":4,"minecraft:time_since_death":72209,"minecraft:sleep_in_bed":6,"minecraft:time_since_rest":14791,"minecraft:sprint_one_cm":310846,"minecraft:damage_taken":745,"minecraft:walk_one_cm":784245,"minecraft:trigger_trapped_chest":1,"minecraft:drop":34,"minecraft:damage_dealt":748,"minecraft:talked_to_villager":45,"minecraft:fly_one_cm":573400,"minecraft:open_chest":173,"minecraft:crouch_one_cm":2736,"minecraft:play_time":129558,"minecraft:deaths":1,"minecraft:sneak_time":724,"minecraft:walk_under_water_one_cm":6907,"minecraft:boat_one_cm":5580,"minecraft:jump":1342,"minecraft:interact_with_blast_furnace":7,"minecraft:walk_on_water_one_cm":6180,"minecraft:interact_with_smoker":6,"minecraft:total_world_time":129558,"minecraft:fall_one_cm":18430},"minecraft:mined":{"minecraft:oak_slab":19,"iceandfire:graveyard_soil":10,"minecraft:smoker":1,"minecraft:clay":4,"gravestone:gravestone":1,"minecraft:grass_block":224,"minecraft:cobblestone":1,"minecraft:glass":5,"minecraft:tall_grass":1,"minecraft:oak_planks":21,"minecraft:lime_bed":1,"minecraft:birch_log":5,"minecraft:iron_ore":16,"minecraft:birch_leaves":1,"minecraft:fletching_table":7,"minecraft:grass":29,"minecraft:oak_log":21,"minecraft:dirt_path":2,"minecraft:vine":1,"minecraft:sand":17,"minecraft:dirt":31,"minecraft:oak_leaves":2,"paraglider:goddess_statue":3},"minecraft:killed_by":{"minecraft:player":1},"minecraft:used":{"minecraft:iron_ore":26,"minecraft:iron_shovel":292,"minecraft:baked_potato":7,"minecraft:oak_planks":462,"minecraft:chest":16,"minecraft:chainmail_helmet":1,"minecraft:fletching_table":7,"minecraft:cooked_chicken":2,"minecraft:oak_door":2,"minecraft:orange_bed":1,"minecraft:torch":15,"paraglider:goddess_statue":3,"minecraft:dirt":33,"minecraft:oak_slab":32,"minecraft:crafting_table":2,"minecraft:lime_bed":2,"minecraft:red_bed":1,"alexscaves:cave_book":4,"minecraft:blast_furnace":1,"minecraft:carrot":2,"minecraft:white_bed":1,"minecraft:smoker":2,"minecraft:oak_log":9,"minecraft:glass":158,"epicfight:iron_greatsword":7,"minecraft:iron_axe":83,"minecraft:iron_pickaxe":21,"minecraft:iron_helmet":1,"minecraft:iron_boots":1,"alexscaves:spelunkery_table":1,"minecraft:chainmail_boots":1,"minecraft:oak_sapling":1,"minecraft:smithing_table":1,"minecraft:oak_boat":12,"minecraft:cooked_beef":6},"minecraft:picked_up":{"minecraft:birch_log":5,"minecraft:lime_bed":1,"minecraft:clay_ball":16,"minecraft:andesite":1,"minecraft:smoker":1,"minecraft:oak_log":21,"iceandfire:manuscript":4,"paraglider:goddess_statue":3,"minecraft:string":1,"minecraft:dirt":310,"minecraft:iron_axe":2,"man:cassette_1safetyinstructions":1,"iceandfire:graveyard_soil":3,"minecraft:wheat_seeds":7,"minecraft:oak_boat":13,"minecraft:fletching_table":6,"minecraft:iron_pickaxe":1,"minecraft:oak_planks":431,"minecraft:egg":2,"minecraft:oak_slab":19,"minecraft:stick":2,"minecraft:raw_iron":22,"minecraft:torch":4,"minecraft:sand":17,"minecraft:totem_of_undying":1,"minecraft:oak_sapling":3,"minecraft:cobblestone":43}},"DataVersion":3465}