{"stats":{"minecraft:used":{"minecraft:oak_log":9,"minecraft:orange_bed":1,"alexscaves:spelunkery_table":1,"minecraft:crafting_table":1,"minecraft:lime_bed":1,"minecraft:red_bed":1,"alexscaves:cave_book":2,"minecraft:blast_furnace":1,"minecraft:oak_planks":228,"minecraft:white_bed":1,"minecraft:chest":16,"minecraft:smoker":1},"minecraft:custom":{"minecraft:time_since_rest":24075,"minecraft:open_chest":71,"minecraft:play_time":24075,"minecraft:sprint_one_cm":31674,"minecraft:walk_one_cm":52406,"minecraft:sneak_time":34,"minecraft:jump":122,"minecraft:damage_dealt":20,"minecraft:interact_with_blast_furnace":1,"minecraft:leave_game":2,"minecraft:time_since_death":24075,"minecraft:interact_with_smoker":1,"minecraft:total_world_time":24075,"minecraft:interact_with_crafting_table":1,"minecraft:talked_to_villager":1,"minecraft:fall_one_cm":267,"minecraft:fly_one_cm":175086},"minecraft:crafted":{"minecraft:oak_planks":4,"minecraft:crafting_table":1,"alexscaves:cave_map":2}},"DataVersion":3465}