{"stats":{"minecraft:killed":{"minecraft:pig":1},"minecraft:crafted":{"minecraft:oak_slab":6,"minecraft:oak_planks":32,"minecraft:stone_shovel":1,"minecraft:crafting_table":1,"minecraft:stick":4,"minecraft:stone_pickaxe":1},"minecraft:dropped":{"man:cassette_1safetyinstructions":1},"minecraft:custom":{"minecraft:time_since_rest":12504,"minecraft:interact_with_furnace":2,"minecraft:sprint_one_cm":321448,"minecraft:damage_taken":412,"minecraft:walk_one_cm":232948,"minecraft:mob_kills":1,"minecraft:drop":1,"minecraft:damage_dealt":868,"minecraft:swim_one_cm":8425,"minecraft:player_kills":1,"minecraft:interact_with_crafting_table":3,"minecraft:talked_to_villager":4,"minecraft:fly_one_cm":199458,"minecraft:open_chest":26,"minecraft:crouch_one_cm":9496,"minecraft:play_time":49259,"minecraft:sneak_time":5577,"minecraft:walk_under_water_one_cm":213,"minecraft:jump":635,"minecraft:leave_game":1,"minecraft:climb_one_cm":336,"minecraft:walk_on_water_one_cm":96,"minecraft:time_since_death":49259,"minecraft:sleep_in_bed":3,"minecraft:total_world_time":49259,"minecraft:fall_one_cm":12320},"minecraft:mined":{"minecraft:oak_slab":1,"minecraft:mossy_cobblestone":2,"minecraft:birch_log":80,"minecraft:birch_leaves":2,"minecraft:wither_rose":1,"minecraft:torch":1,"minecraft:grass":7,"minecraft:oak_log":156,"minecraft:infested_cobblestone":1,"minecraft:iron_bars":8,"minecraft:stone_bricks":4,"minecraft:oak_planks":2,"minecraft:oak_leaves":24,"minecraft:fern":1},"minecraft:used":{"minecraft:oak_log":8,"minecraft:water_bucket":2,"minecraft:apple":1,"epicfight:iron_greatsword":7,"minecraft:stone_pickaxe":16,"minecraft:diamond_axe":272,"minecraft:dirt":14,"minecraft:oak_slab":7,"minecraft:crafting_table":2,"minecraft:bucket":2,"minecraft:egg":1,"minecraft:cooked_beef":10},"minecraft:picked_up":{"minecraft:birch_log":80,"minecraft:oak_slab":2,"minecraft:crafting_table":1,"minecraft:stick":55,"minecraft:raw_iron":4,"minecraft:wither_rose":1,"minecraft:birch_planks":9,"minecraft:porkchop":1,"minecraft:oak_log":156,"minecraft:mossy_cobblestone":2,"minecraft:dirt":14,"minecraft:stone_bricks":4,"minecraft:apple":2,"minecraft:diamond":6,"epicfight:iron_greatsword":1,"minecraft:cobblestone_slab":1,"minecraft:totem_of_undying":1,"minecraft:oak_sapling":64,"minecraft:birch_sapling":29,"minecraft:oak_planks":6,"minecraft:iron_bars":8,"minecraft:iron_boots":1,"minecraft:cobblestone":7,"minecraft:egg":1}},"DataVersion":3465}