{"stats":{"minecraft:killed":{"minecraft:spider":4,"minecraft:phantom":1,"minecraft:skeleton":2,"minecraft:drowned":1,"minecraft:pig":1,"minecraft:salmon":3,"minecraft:sheep":1,"minecraft:zombie":2,"iceandfire:ghost":1,"minecraft:cow":8},"minecraft:dropped":{"sophisticatedbackpacks:iron_backpack":1,"minecraft:enchanted_book":1,"minecraft:cherry_log":25,"minecraft:diamond":15,"minecraft:diamond_leggings":2,"man:cassette_1safetyinstructions":1,"minecraft:diamond_helmet":2,"gravestone:obituary":23,"alexscaves:cave_map":1,"paraglider:paraglider":2,"minecraft:redstone":64,"minecraft:cobbled_deepslate":1105,"minecraft:tuff":24,"minecraft:stone_shovel":1,"minecraft:cherry_sapling":1,"alexscaves:cave_codex":1,"sophisticatedbackpacks:diamond_backpack":1,"iceandfire:ghost_chest":1,"alexscaves:cave_book":1,"minecraft:diamond_chestplate":2,"minecraft:diamond_pickaxe":1,"sophisticatedbackpacks:copper_backpack":1},"minecraft:mined":{"minecraft:nether_gold_ore":13,"minecraft:tuff":153,"iceandfire:graveyard_soil":8,"minecraft:mossy_cobblestone":5,"minecraft:deepslate_diamond_ore":108,"minecraft:cobblestone_stairs":1,"minecraft:cherry_log":49,"minecraft:jungle_leaves":7,"minecraft:obsidian":11,"gravestone:gravestone":16,"minecraft:acacia_log":51,"minecraft:grass_block":183,"minecraft:infested_cobblestone":1,"minecraft:jungle_log":177,"minecraft:spruce_leaves":3,"minecraft:chiseled_stone_bricks":5,"minecraft:tall_seagrass":1,"minecraft:carrots":1,"minecraft:fire":1,"minecraft:cobbled_deepslate":1,"minecraft:deepslate_lapis_ore":21,"minecraft:potatoes":113,"minecraft:vine":8,"minecraft:deepslate_iron_ore":48,"minecraft:iron_bars":74,"minecraft:bamboo":121,"minecraft:stone":104,"minecraft:orange_bed":1,"minecraft:tripwire":1,"minecraft:deepslate_redstone_ore":111,"minecraft:oak_slab":3,"minecraft:acacia_leaves":6,"minecraft:red_bed":2,"minecraft:crimson_nylium":7,"minecraft:stone_brick_slab":3,"minecraft:torch":7,"iceandfire:ghost_chest":1,"minecraft:nether_quartz_ore":45,"minecraft:tall_grass":3,"minecraft:cobblestone":15,"minecraft:deepslate_gold_ore":64,"minecraft:oak_planks":8,"minecraft:sculk":1,"minecraft:diorite":14,"minecraft:wall_torch":7,"minecraft:birch_log":80,"minecraft:wheat":1,"minecraft:spruce_log":14,"minecraft:birch_leaves":2,"minecraft:wither_rose":2,"minecraft:stone_brick_stairs":3,"minecraft:grass":51,"minecraft:oak_log":162,"minecraft:cherry_leaves":13,"minecraft:gravel":11,"minecraft:dirt":287,"minecraft:cracked_stone_bricks":21,"minecraft:acacia_planks":1,"minecraft:stone_bricks":38,"minecraft:netherrack":190,"minecraft:mossy_stone_bricks":6,"minecraft:oak_leaves":30,"minecraft:deepslate":2295,"minecraft:fern":5},"minecraft:picked_up":{"iceandfire:dragon_skull_lightning":1,"minecraft:crafting_table":1,"minecraft:wheat":1,"minecraft:brown_mushroom":1,"minecraft:stone_slab":3,"minecraft:wither_rose":2,"minecraft:stone_brick_stairs":8,"gravestone:obituary":7,"iceandfire:manuscript":5,"alexscaves:cave_codex":1,"minecraft:string":8,"minecraft:red_bed":3,"minecraft:flint_and_steel":1,"iceandfire:graveyard_soil":8,"minecraft:cracked_stone_bricks":27,"minecraft:diamond_leggings":2,"minecraft:gold_nugget":45,"minecraft:cobbled_deepslate":2294,"minecraft:bucket":1,"minecraft:spruce_planks":2,"minecraft:beef":13,"minecraft:cobblestone_slab":1,"minecraft:chest":2,"minecraft:birch_sapling":29,"minecraft:iron_boots":3,"minecraft:egg":1,"minecraft:stick":72,"minecraft:raw_iron":57,"iceandfire:ghost_chest":1,"minecraft:copper_ingot":1,"minecraft:torch":20,"minecraft:acacia_log":50,"sophisticatedbackpacks:backpack":1,"epicfight:skillbook":1,"minecraft:porkchop":3,"minecraft:cherry_log":49,"minecraft:diorite":12,"minecraft:carrot":62,"minecraft:redstone":510,"minecraft:dark_oak_planks":4,"minecraft:orange_bed":6,"iceandfire:silver_ingot":3,"minecraft:arrow":2,"iceandfire:cyclops_eye":1,"minecraft:rotten_flesh":4,"minecraft:diamond_chestplate":2,"minecraft:totem_of_undying":2,"sophisticatedbackpacks:copper_backpack":2,"minecraft:obsidian":22,"minecraft:mutton":1,"minecraft:iron_bars":76,"minecraft:skeleton_skull":2,"minecraft:white_wool":2,"minecraft:cobblestone":109,"paraglider:paraglider":1,"minecraft:birch_log":80,"minecraft:enchanting_table":1,"minecraft:salmon":3,"minecraft:water_bucket":1,"minecraft:jungle_log":173,"minecraft:leather":6,"minecraft:flint":2,"minecraft:potato":290,"minecraft:birch_planks":9,"alexscaves:cave_book":2,"minecraft:tuff":150,"minecraft:oak_log":162,"iceandfire:ectoplasm":2,"minecraft:cobblestone_stairs":6,"minecraft:lapis_lazuli":141,"minecraft:dirt":499,"minecraft:bone":7,"minecraft:acacia_planks":19,"minecraft:apple":2,"minecraft:stone_bricks":50,"epicfight:iron_greatsword":1,"minecraft:wheat_seeds":18,"minecraft:raw_gold":63,"minecraft:mossy_stone_bricks":8,"minecraft:diamond_helmet":2,"minecraft:bamboo":1181,"minecraft:oak_planks":12,"minecraft:acacia_sapling":3,"minecraft:book":2,"minecraft:oak_slab":4,"minecraft:chiseled_stone_bricks":11,"minecraft:stone_brick_slab":17,"minecraft:quartz":45,"minecraft:poisonous_potato":1,"minecraft:gravel":22,"minecraft:spruce_sapling":5,"sophisticatedbackpacks:iron_backpack":2,"minecraft:spruce_log":15,"minecraft:spruce_door":1,"minecraft:spider_eye":1,"minecraft:mossy_cobblestone":13,"minecraft:diamond":133,"minecraft:bone_meal":1,"minecraft:cherry_sapling":4,"alexscaves:cave_map":3,"minecraft:baked_potato":9,"minecraft:oak_sapling":68,"minecraft:acacia_slab":3,"minecraft:netherrack":189,"minecraft:diamond_pickaxe":1,"minecraft:ender_pearl":1},"minecraft:killed_by":{"iceandfire:deathworm":2,"minecraft:creeper":1,"man:managgresive":2,"sanitydim:sneaking_terror":1,"minecraft:zombie":3},"minecraft:broken":{"minecraft:stone_pickaxe":2,"minecraft:diamond_pickaxe":1,"minecraft:iron_pickaxe":1,"minecraft:stone_shovel":3},"minecraft:crafted":{"minecraft:cherry_planks":24,"minecraft:oak_planks":56,"minecraft:stone_shovel":5,"minecraft:cobblestone_slab":6,"minecraft:fishing_rod":1,"minecraft:tripwire_hook":2,"minecraft:cooked_chicken":1,"minecraft:furnace":1,"minecraft:cobblestone_stairs":4,"minecraft:stone":3,"minecraft:lever":1,"minecraft:bone_meal":21,"minecraft:heavy_weighted_pressure_plate":1,"minecraft:cooked_mutton":2,"minecraft:hopper":1,"minecraft:diamond_helmet":1,"minecraft:diamond_leggings":1,"minecraft:stone_pickaxe":4,"minecraft:chest":3,"minecraft:diamond_boots":1,"minecraft:iron_door":3,"minecraft:oak_fence":3,"sophisticatedbackpacks:iron_backpack":2,"minecraft:cooked_beef":13,"paraglider:paraglider":2,"minecraft:cooked_cod":28,"minecraft:oak_slab":6,"minecraft:emerald":43,"minecraft:cooked_porkchop":2,"minecraft:diamond_axe":1,"minecraft:crafting_table":1,"minecraft:spruce_planks":8,"minecraft:baked_potato":84,"minecraft:cooked_salmon":17,"sophisticatedbackpacks:gold_backpack":2,"minecraft:bucket":1,"minecraft:campfire":1,"minecraft:enchanted_book":2,"minecraft:air":0,"minecraft:jungle_planks":436,"minecraft:diamond_pickaxe":2,"minecraft:charcoal":89,"sophisticatedbackpacks:diamond_backpack":2,"minecraft:stick":1472,"minecraft:iron_ingot":12,"minecraft:iron_pickaxe":1,"minecraft:gold_ingot":13,"minecraft:stonecutter":1,"minecraft:note_block":1,"minecraft:torch":220,"minecraft:diamond_chestplate":1},"minecraft:custom":{"minecraft:interact_with_anvil":1,"minecraft:mob_kills":24,"minecraft:inspect_hopper":2,"minecraft:interact_with_crafting_table":53,"minecraft:damage_dealt_resisted":277,"minecraft:leave_game":5,"minecraft:time_since_death":147300,"minecraft:climb_one_cm":8567,"minecraft:sprint_one_cm":1331302,"minecraft:walk_one_cm":1840971,"minecraft:drop":66,"minecraft:talked_to_villager":35,"minecraft:play_time":535285,"minecraft:sneak_time":20846,"minecraft:deaths":17,"minecraft:walk_under_water_one_cm":33586,"minecraft:jump":2839,"minecraft:walk_on_water_one_cm":28511,"minecraft:total_world_time":535285,"minecraft:interact_with_furnace":84,"minecraft:traded_with_villager":45,"minecraft:tune_noteblock":18678,"minecraft:interact_with_grindstone":1,"minecraft:interact_with_stonecutter":5,"minecraft:sleep_in_bed":21,"minecraft:time_since_rest":124567,"minecraft:damage_taken":9325,"minecraft:damage_absorbed":111,"minecraft:damage_dealt":3987,"minecraft:player_kills":1,"minecraft:swim_one_cm":61792,"minecraft:fly_one_cm":953096,"minecraft:open_chest":178,"minecraft:crouch_one_cm":89912,"minecraft:fish_caught":153,"minecraft:fall_one_cm":117955,"minecraft:horse_one_cm":30560},"minecraft:used":{"minecraft:oak_fence":1,"minecraft:cherry_sapling":5,"minecraft:flint_and_steel":1,"minecraft:stone_shovel":477,"minecraft:redstone":1,"minecraft:chest":4,"minecraft:cooked_salmon":1,"minecraft:cooked_chicken":1,"minecraft:netherrack":1,"minecraft:orange_bed":6,"minecraft:torch":140,"minecraft:mutton":1,"minecraft:dirt":254,"minecraft:hopper":1,"minecraft:carrot":77,"minecraft:obsidian":13,"epicfight:iron_greatsword":77,"minecraft:tripwire_hook":2,"minecraft:bamboo":140,"minecraft:totem_of_undying":2,"minecraft:stone_bricks":3,"minecraft:oak_sapling":1,"minecraft:furnace":1,"minecraft:cooked_cod":6,"minecraft:egg":1,"minecraft:potato":187,"minecraft:cooked_beef":28,"minecraft:cobbled_deepslate":4,"minecraft:acacia_planks":1,"minecraft:cooked_mutton":12,"minecraft:water_bucket":10,"epicfight:skillbook":1,"minecraft:cobblestone_stairs":3,"minecraft:baked_potato":24,"minecraft:stone_pickaxe":351,"minecraft:oak_planks":10,"minecraft:diamond_axe":790,"minecraft:cobblestone_slab":6,"minecraft:stonecutter":1,"minecraft:mossy_cobblestone":2,"minecraft:oak_slab":9,"minecraft:crafting_table":2,"minecraft:red_bed":3,"alexscaves:cave_book":1,"minecraft:campfire":1,"minecraft:note_block":1,"minecraft:oak_log":8,"minecraft:lever":1,"minecraft:diamond_pickaxe":2782,"minecraft:apple":1,"minecraft:iron_pickaxe":250,"minecraft:string":1,"minecraft:heavy_weighted_pressure_plate":1,"minecraft:iron_door":2,"minecraft:spruce_sapling":5,"minecraft:fishing_rod":625,"minecraft:cobblestone":7,"minecraft:cooked_porkchop":2,"minecraft:bucket":11,"minecraft:bone_meal":2}},"DataVersion":3465}