{"stats":{"minecraft:broken":{"minecraft:stone_pickaxe":1,"minecraft:stone_shovel":2},"minecraft:killed":{"minecraft:pig":1,"iceandfire:ghost":1,"minecraft:cow":1},"minecraft:crafted":{"minecraft:oak_slab":6,"minecraft:oak_planks":44,"minecraft:stone_shovel":5,"minecraft:crafting_table":1,"minecraft:stick":16,"minecraft:stone_pickaxe":2},"minecraft:dropped":{"minecraft:diamond_leggings":2,"man:cassette_1safetyinstructions":1,"minecraft:diamond_chestplate":2,"minecraft:diamond_helmet":2},"minecraft:custom":{"minecraft:interact_with_furnace":2,"minecraft:mob_kills":3,"minecraft:interact_with_crafting_table":7,"minecraft:leave_game":2,"minecraft:time_since_death":10214,"minecraft:sleep_in_bed":3,"minecraft:climb_one_cm":336,"minecraft:time_since_rest":10290,"minecraft:sprint_one_cm":378879,"minecraft:damage_absorbed":80,"minecraft:damage_taken":964,"minecraft:walk_one_cm":416446,"minecraft:drop":7,"minecraft:damage_dealt":1108,"minecraft:swim_one_cm":8425,"minecraft:talked_to_villager":4,"minecraft:fly_one_cm":222744,"minecraft:player_kills":1,"minecraft:open_chest":35,"minecraft:crouch_one_cm":10285,"minecraft:play_time":76723,"minecraft:deaths":1,"minecraft:sneak_time":5719,"minecraft:walk_under_water_one_cm":213,"minecraft:jump":809,"minecraft:walk_on_water_one_cm":96,"minecraft:total_world_time":76723,"minecraft:fall_one_cm":16416},"minecraft:mined":{"minecraft:oak_slab":1,"iceandfire:graveyard_soil":8,"minecraft:mossy_cobblestone":3,"minecraft:stone_brick_slab":3,"minecraft:torch":1,"gravestone:gravestone":1,"minecraft:grass_block":131,"minecraft:infested_cobblestone":1,"minecraft:tall_grass":2,"minecraft:cobblestone":9,"minecraft:oak_planks":4,"minecraft:diorite":2,"minecraft:chiseled_stone_bricks":5,"minecraft:birch_log":80,"minecraft:birch_leaves":2,"minecraft:wither_rose":2,"minecraft:stone_brick_stairs":3,"minecraft:grass":14,"minecraft:oak_log":156,"minecraft:vine":1,"minecraft:iron_bars":74,"minecraft:dirt":200,"minecraft:cracked_stone_bricks":21,"minecraft:stone":93,"minecraft:stone_bricks":38,"minecraft:mossy_stone_bricks":6,"minecraft:oak_leaves":24,"minecraft:fern":1},"minecraft:killed_by":{"man:managgresive":1},"minecraft:used":{"minecraft:water_bucket":2,"minecraft:stone_shovel":336,"minecraft:stone_pickaxe":261,"minecraft:oak_planks":8,"minecraft:diamond_axe":275,"minecraft:dirt":232,"minecraft:oak_slab":7,"minecraft:crafting_table":2,"minecraft:oak_log":8,"minecraft:apple":1,"epicfight:iron_greatsword":13,"minecraft:totem_of_undying":1,"minecraft:stone_bricks":3,"minecraft:bucket":2,"minecraft:egg":1,"minecraft:cooked_beef":13},"minecraft:picked_up":{"minecraft:birch_log":80,"minecraft:crafting_table":1,"minecraft:birch_planks":9,"minecraft:wither_rose":2,"minecraft:stone_brick_stairs":1,"minecraft:oak_log":156,"minecraft:dirt":329,"minecraft:apple":2,"minecraft:stone_bricks":38,"iceandfire:graveyard_soil":8,"epicfight:iron_greatsword":1,"minecraft:cracked_stone_bricks":21,"minecraft:diamond_leggings":2,"minecraft:wheat_seeds":6,"minecraft:beef":1,"minecraft:cobblestone_slab":1,"minecraft:mossy_stone_bricks":6,"minecraft:diamond_helmet":2,"minecraft:birch_sapling":29,"minecraft:oak_planks":8,"minecraft:acacia_sapling":2,"minecraft:iron_boots":1,"minecraft:egg":1,"minecraft:oak_slab":2,"minecraft:stick":55,"minecraft:raw_iron":4,"minecraft:chiseled_stone_bricks":5,"minecraft:stone_brick_slab":3,"minecraft:porkchop":1,"minecraft:mossy_cobblestone":4,"minecraft:diamond_chestplate":2,"minecraft:diamond":6,"minecraft:totem_of_undying":1,"sophisticatedbackpacks:copper_backpack":1,"minecraft:oak_sapling":64,"minecraft:iron_bars":70,"minecraft:cobblestone":90}},"DataVersion":3465}