{"stats":{"minecraft:used":{"minecraft:stone_shovel":477,"minecraft:chest":2,"minecraft:netherrack":1,"minecraft:orange_bed":6,"minecraft:torch":41,"minecraft:dirt":252,"minecraft:mutton":1,"minecraft:obsidian":13,"epicfight:iron_greatsword":13,"minecraft:totem_of_undying":1,"minecraft:stone_bricks":3,"minecraft:bamboo":12,"minecraft:oak_sapling":1,"minecraft:furnace":1,"minecraft:egg":1,"minecraft:cooked_beef":23,"minecraft:cobbled_deepslate":2,"minecraft:acacia_planks":1,"minecraft:cooked_mutton":12,"minecraft:water_bucket":6,"epicfight:skillbook":1,"minecraft:stone_pickaxe":351,"minecraft:oak_planks":8,"minecraft:baked_potato":4,"minecraft:diamond_axe":358,"minecraft:mossy_cobblestone":2,"minecraft:oak_slab":7,"minecraft:crafting_table":2,"minecraft:red_bed":3,"minecraft:campfire":1,"minecraft:oak_log":8,"minecraft:diamond_pickaxe":355,"minecraft:apple":1,"minecraft:iron_pickaxe":250,"minecraft:cooked_porkchop":2,"minecraft:bucket":6},"minecraft:dropped":{"minecraft:diamond_leggings":2,"man:cassette_1safetyinstructions":1,"minecraft:diamond_helmet":2,"gravestone:obituary":15,"minecraft:stone_shovel":1,"minecraft:diamond_chestplate":2},"minecraft:crafted":{"minecraft:oak_planks":56,"minecraft:stone_shovel":5,"minecraft:furnace":1,"minecraft:cooked_mutton":2,"minecraft:stone_pickaxe":4,"minecraft:cooked_beef":9,"paraglider:paraglider":1,"minecraft:oak_slab":6,"minecraft:cooked_porkchop":2,"minecraft:crafting_table":1,"minecraft:spruce_planks":8,"minecraft:baked_potato":4,"minecraft:campfire":1,"minecraft:air":0,"minecraft:diamond_pickaxe":1,"minecraft:charcoal":7,"minecraft:stick":68,"minecraft:iron_pickaxe":1,"minecraft:iron_ingot":3,"minecraft:torch":152},"minecraft:picked_up":{"iceandfire:dragon_skull_lightning":1,"minecraft:crafting_table":1,"minecraft:brown_mushroom":1,"minecraft:stone_slab":3,"minecraft:wither_rose":2,"minecraft:stone_brick_stairs":8,"gravestone:obituary":3,"iceandfire:manuscript":5,"minecraft:red_bed":3,"iceandfire:graveyard_soil":8,"minecraft:cracked_stone_bricks":27,"minecraft:diamond_leggings":2,"minecraft:gold_nugget":45,"minecraft:cobbled_deepslate":270,"minecraft:bucket":1,"minecraft:beef":9,"minecraft:cobblestone_slab":1,"minecraft:chest":2,"minecraft:birch_sapling":29,"minecraft:iron_boots":3,"minecraft:egg":1,"minecraft:stick":58,"minecraft:raw_iron":31,"minecraft:copper_ingot":1,"minecraft:torch":6,"minecraft:acacia_log":50,"epicfight:skillbook":1,"minecraft:porkchop":3,"minecraft:diorite":12,"minecraft:redstone":8,"minecraft:dark_oak_planks":4,"minecraft:orange_bed":6,"iceandfire:silver_ingot":3,"iceandfire:cyclops_eye":1,"minecraft:diamond_chestplate":2,"minecraft:totem_of_undying":2,"sophisticatedbackpacks:copper_backpack":1,"minecraft:obsidian":22,"minecraft:mutton":1,"minecraft:iron_bars":76,"minecraft:skeleton_skull":2,"minecraft:white_wool":2,"minecraft:cobblestone":105,"minecraft:birch_log":80,"minecraft:water_bucket":1,"minecraft:salmon":3,"minecraft:leather":3,"minecraft:birch_planks":9,"alexscaves:cave_book":1,"minecraft:tuff":34,"minecraft:oak_log":162,"iceandfire:ectoplasm":2,"minecraft:cobblestone_stairs":6,"minecraft:lapis_lazuli":90,"minecraft:dirt":497,"minecraft:bone":5,"minecraft:acacia_planks":19,"minecraft:apple":2,"minecraft:stone_bricks":50,"epicfight:iron_greatsword":1,"minecraft:wheat_seeds":11,"minecraft:raw_gold":32,"minecraft:mossy_stone_bricks":8,"minecraft:diamond_helmet":2,"minecraft:bamboo":12,"minecraft:oak_planks":8,"minecraft:acacia_sapling":3,"minecraft:oak_slab":2,"minecraft:chiseled_stone_bricks":11,"minecraft:stone_brick_slab":17,"minecraft:quartz":45,"minecraft:gravel":3,"minecraft:spruce_door":1,"minecraft:mossy_cobblestone":13,"minecraft:diamond":26,"minecraft:bone_meal":1,"minecraft:baked_potato":9,"minecraft:oak_sapling":68,"minecraft:acacia_slab":3,"minecraft:netherrack":189,"minecraft:ender_pearl":1},"minecraft:broken":{"minecraft:stone_pickaxe":2,"minecraft:iron_pickaxe":1,"minecraft:stone_shovel":3},"minecraft:killed_by":{"minecraft:creeper":1,"man:managgresive":1,"sanitydim:sneaking_terror":1,"minecraft:zombie":3},"minecraft:custom":{"minecraft:mob_kills":11,"minecraft:interact_with_crafting_table":22,"minecraft:leave_game":3,"minecraft:time_since_death":2740,"minecraft:climb_one_cm":2578,"minecraft:sprint_one_cm":687809,"minecraft:walk_one_cm":906600,"minecraft:drop":23,"minecraft:talked_to_villager":12,"minecraft:play_time":211815,"minecraft:deaths":13,"minecraft:sneak_time":11672,"minecraft:walk_under_water_one_cm":4991,"minecraft:jump":1805,"minecraft:walk_on_water_one_cm":14873,"minecraft:total_world_time":211815,"minecraft:interact_with_furnace":35,"minecraft:sleep_in_bed":20,"minecraft:time_since_rest":2775,"minecraft:damage_taken":6958,"minecraft:damage_absorbed":80,"minecraft:damage_dealt":1754,"minecraft:fly_one_cm":492367,"minecraft:swim_one_cm":31532,"minecraft:player_kills":1,"minecraft:open_chest":74,"minecraft:crouch_one_cm":37264,"minecraft:fall_one_cm":103520,"minecraft:horse_one_cm":30560},"minecraft:killed":{"minecraft:pig":1,"minecraft:salmon":3,"minecraft:sheep":1,"iceandfire:ghost":1,"minecraft:cow":5},"minecraft:mined":{"minecraft:nether_gold_ore":13,"minecraft:tuff":35,"iceandfire:graveyard_soil":8,"minecraft:mossy_cobblestone":5,"minecraft:deepslate_diamond_ore":20,"minecraft:obsidian":11,"gravestone:gravestone":13,"minecraft:acacia_log":51,"minecraft:grass_block":183,"minecraft:infested_cobblestone":1,"minecraft:chiseled_stone_bricks":5,"minecraft:tall_seagrass":1,"minecraft:deepslate_lapis_ore":13,"minecraft:deepslate_iron_ore":27,"minecraft:vine":1,"minecraft:iron_bars":74,"minecraft:bamboo":1,"minecraft:stone":104,"minecraft:orange_bed":1,"minecraft:oak_slab":1,"minecraft:acacia_leaves":6,"minecraft:red_bed":2,"minecraft:crimson_nylium":7,"minecraft:stone_brick_slab":3,"minecraft:torch":2,"minecraft:nether_quartz_ore":45,"minecraft:tall_grass":3,"minecraft:cobblestone":11,"minecraft:deepslate_gold_ore":32,"minecraft:oak_planks":4,"minecraft:diorite":14,"minecraft:wall_torch":4,"minecraft:birch_log":80,"minecraft:birch_leaves":2,"minecraft:wither_rose":2,"minecraft:stone_brick_stairs":3,"minecraft:grass":23,"minecraft:oak_log":162,"minecraft:dirt":286,"minecraft:cracked_stone_bricks":21,"minecraft:acacia_planks":1,"minecraft:stone_bricks":38,"minecraft:netherrack":190,"minecraft:mossy_stone_bricks":6,"minecraft:oak_leaves":25,"minecraft:deepslate":270,"minecraft:fern":1}},"DataVersion":3465}